product_id,product_name,brand_id,brand_name,loves_count,rating,reviews,size,variation_type,variation_value,variation_desc,ingredients,price_usd,limited_edition,new,online_only,out_of_stock,sephora_exclusive,highlights,primary_category,secondary_category,tertiary_category,child_count,child_max_price,child_min_price
P503732,Skin Melt Talc-Free Loose Setting Powder,7103,Ami Colé,4978,4.5714,21,0. 29 oz / 8.6 g,Color,Rich / Deep,for rich to deep skin tones,"['Synthetic Fluorphlogopite, Silica, Lauroyl Lysine, Caprylic/Capric Triglyceride, Squalane, Adansonia Digitata Fruit Extract, Hibiscus Sabdariffa Flower Extract, Sodium Hyaluronate, Glycerin, Pentylene Glycol, Glyceryl Caprylate, Hectorite, Dehydroacetic Acid, Glyceryl Undecylenate, Amethyst Powder, Quartz, Aqua (Water). May Contain (+/-) CI 77491 (Iron Oxides), CI 77499 (Iron Oxides), CI 77492 (Iron Oxides).']",22,0,0,1,0,1,"['Vegan', 'Loose Powder Formula', 'Clean at Sephora', 'Matte Finish', 'Black Owned at Sephora', 'Cruelty-Free']",Makeup,Face,Setting Spray & Powder,2,22,22
P503767,Skin-Enhancing Concealer,7103,Ami Colé,3551,4.6429,14,0.2 oz / 6 ml,Color,Rich 2.5,for rich skin with red undertones,"['Aqua (Water), Hydrogenated Lecithin, Isohexadecane, Isopropyl Myristate, Dimethicone, Dimethicone Crosspolymer, C18-36 Acid Glycol Ester, Glycerin, Propanediol, Adansonia Digitata Fruit Extract (Baobab Seed Extract), Hibiscus Sabdariffa Flower Extract, Cucurbita Pepo Seed Extract (Cucurbita Pepo (Pumpkin) Seed Extract), PEG-30 Dipolyhydroxystearate, Magnesium Sulfate, Citric Acid, Saccharide Isomerate, Sodium Citrate, Tocopheryl Acetate (Vitamin E), Silica, Phenoxyethanol, Ethylhexylglycerin, Caesalpinia Spinosa Fruit Extract, Kappaphycus Alvarezii Extract. May Contain (+/-) CI 77492 (Iron Oxides), CI 77491 (Iron Oxides), CI 77499 (Iron Oxides), CI 77499 (Iron Oxides).']",24,0,0,0,0,1,"['Vegan', 'Good for: Dark Circles', 'Clean at Sephora', 'Medium Coverage', 'Good for: Dark spots', 'Black Owned at Sephora']",Makeup,Face,Concealer,11,24,24
P503759,Ultra-Flex Clear Eyebrow Shaping Gel,7103,Ami Colé,2885,4.8889,9,0.18 oz / 5 ml,Color,Clear,,"['Water, VP/VA Copolymer, Alcohol Denat., Butylene Glycol, 1,2-Hexanediol, Acrylates/C10-30 Alkyl Acrylate Crosspolymer, Tromethamine, Musa Sapientum (Banana) Fruit Extract, Hibiscus Sabdariffa Flower Extract, Adansonia Digitata Seed Extract.']",20,0,0,1,0,1,"['Vegan', 'Clean at Sephora', 'Fragrance Free', 'Black Owned at Sephora', 'Cruelty-Free']",Makeup,Eye,Eyebrow,0,,
P504779,Desert Date Cream Blush & Lip Multistick,7103,Ami Colé,2858,5,4,0.19 oz / 5.5 g,Color,Hibiscus,berry,"['Octyldodecanol, Dicaprylyl Ether, Caprylic/Capric Triglyceride, Trihydroxystearin, Euphorbia Cerifera (Candelilla) Wax/Candelilla Cera/Cire De Candelilla, C10-18 Triglycerides, Microcrystalline Cellulose, Dilinoleic Acid/Propanediol Copolymer, Silica, Mica, Polyhydroxystearic Acid, Balanites Aegyptiaca Kernel Oil (Desert Date Oil), Adansonia Digitata Seed Oil, Hibiscus Sabdariffa Seed Oil, Tin Oxide, Tocopherol, Glycine Soja Oil, Benzyl Alcohol. May Contain/Peut Contenir: Titanium Dioxide (CI 7781), Iron Oxides (CI 77491, CI 77492, CI 77499), Red 6 Lake (CI 15850).']",22,0,1,0,0,1,"['Natural Finish', 'Cream Formula', 'Clean at Sephora', 'Fragrance Free', 'Black Owned at Sephora', 'Cruelty-Free']",Makeup,Cheek,Blush,3,22,22
P202633,Brow Wiz Ultra-Slim Precision Brow Pencil,5746,Anastasia Beverly Hills,834189,4.4056,15885,0.003 oz/ 0.085 g,Color,Ash Brown,for grey hair with cool/ash undertones,,25,0,0,0,0,0,"['Vegan', 'Natural Finish', 'Community Favorite']",Makeup,Eye,Eyebrow,11,25,25
P384060,"DIPBROW Waterproof, Smudge Proof Brow Pomade",5746,Anastasia Beverly Hills,617437,4.6701,11158,0.14 oz/ 4 g,Color,Dark Brown,,"['Cyclopentasiloxane, Isododecane, Cyclohexasiloxane, Silica, Polyethylene, Trimethylsiloxysilicate, Ozokerite/Synthetic Wax, Bis-Diglyceryl Polyacyladipate-2, Silica Dimethyl Silylate, Mica, Tocopheryl Acetate, Caprylyl Glycol, Ethylhexylglycerin, Propylparaben, May Contain: (+/-) Iron Oxides (Ci 77491, Ci 77492, Ci 77499), Titanium Dioxide (Ci 77891), Bismuth Oxychloride (Ci 77163).']",21,0,0,0,0,0,"['Vegan', 'Cream Formula', 'Community Favorite', 'Full Coverage', 'Waterproof']",Makeup,Eye,Eyebrow,10,21,21
P404832,Eye Shadow Singles,5746,Anastasia Beverly Hills,605038,4.4696,790,0.059 oz/ 1.7 g,Color,Blazing,brick red (ultra-matte),"['Mica, Dimethicone, Boron Nitride, Nylon-12, Zinc Stearate, Zea Mays (Corn) Starch, Polymethylsilsesquioxane, Zinc Myristate, Cyclopentasiloxane, Glycerin, Silica, Vinyl Dimethicone/Methicone Silsesquioxane Crosspolymer, Caprylyl Glycol, Hydrogenated Lecithin, Isopentyldiol, Lauroyl Lysine, Phenoxyethanol, Polysilicone-11, Tocopherol, May Contain/Peut Contenir: (+/-) Yellow 5 Lake (Ci 19140), Carmine (Ci 75470), Ultramarines (Ci 77007), Iron Oxides (Ci 77491, Ci 77492, Ci 77499), Titanium Dioxide (Ci 77891).']",12,0,0,0,0,0,,Makeup,Eye,Eyeshadow,0,,
P404831,Liquid Lipstick,5746,Anastasia Beverly Hills,583724,3.8268,4238,0.11 oz / 3.2 g,Color,Poet,dusty mauve,"['Isododecane, Trimethylsiloxysilicate, Boron Nitride, Nylon-12, Ozokerite, Mineral Oil, Disteardimonium Hectorite, Butylene/Ethylene/Styrene Copolymer, Ethylene/Propylene/Styrene Copolymer, Isohexadecane, Phenoxyethanol, Propylene Carbonate, Sodium Hyaluronate, Sodium Magnesium Silver Phosphate, Tocopheryl Acetate, Tripeptide-1, Xanthan Gum. May Contain (+/-): Red 7 Lake (Ci 15850), Red 6 (Ci 15850), Yellow 5 Lake (Ci 19140), Red 22 Lake (Ci 45380), Red 27 Lake (Ci 45410), Iron Oxides (Ci 77491, Ci 77492, Ci 77499), Titanium Dioxide (Ci 77891).']",20,0,0,0,0,0,,Makeup,Lip,Lipstick,17,20,20
P386335,Contour Kit,5746,Anastasia Beverly Hills,251086,4.0975,2399,6 pans x 0.11 oz/ 3.12 g,Color,Light to Medium,,"['Java, Vanilla, Fawn, Havana, and Banana:', 'Talc, Mica, Silica, Boron Nitride, Nylon-12, Ethylhexyl Palmitate, Magnesium Stearate, Octyldodecyl Stearoyl Stearate, Dimethicone, Triethoxycaprylylsilane, Tocopheryl Acetate, Caprylyl Glycol, Ethylhexylglycerin, Phenoxyethanol, Methylparaben, Propylparaben, May Contain (+/-): Iron Oxides (Ci 77491, Ci 77492, Ci 77499), Titanium Dioxide (Ci 77891).', 'Sand:', 'Mica, Talc, Silica, Boron Nitride, Nylon-12, Ethylhexyl Palmitate, Magnesium Stearate, Octyldodecyl Stearoyl Stearate, Triethoxycaprylylsilane, Dimethicone, Tocopheryl Acetate, Caprylyl Glycol, Ethylhexylglycerin, Phenoxyethanol, Methylparaben, Propylparaben, May Contain (+/-): Iron Oxides (Ci 77491, Ci 77492, Ci 77499), Titanium Dioxide (Ci 7789).']",40,0,0,0,0,0,,Makeup,Face,Contour,0,,
P404827,Brow Definer 3-in-1 Triangle Tip,5746,Anastasia Beverly Hills,231041,4.0746,4127,,Color,Ash Brown,for grey hair with cool/ash undertones,,26,0,0,0,0,0,"['Natural Finish', 'Good for: Volume', 'Stick Formula', 'Community Favorite']",Makeup,Eye,Eyebrow,11,26,26
P404830,Lip Gloss,5746,Anastasia Beverly Hills,228646,4.4551,1672,0.16 oz/ 4.73 mL,Color,Kristen,cool desert sand,"['Polybutene, Triisodecyl Trimellitate, Mineral Oil/Paraffinum Liquidum/Huile Minerale, Mica, Disteardimonium Hectorite, Bis-Diglyceryl Polyacyladipate-2, Limnanthes Alba Seed Oil, Octyldodecanol, Silica Dimethyl Silylate, Propylene Carbonate, Ethylhexyl Palmitate, Propylparaben, Tocopheryl Acetate, Fragrance/Parfum, May Contain/Peut Contenir: (+/-) Red 6 (Ci 15850), Yellow 5 Lake (Ci 19140), Blue 1 Lake (Ci 42090), Red 22 Lake (Ci 45380), Red 27 Lake (Ci 45410), Iron Oxides (Ci 77491, Ci 77492, Ci 77499), Titanium Dioxide (Ci 77891).']",16,0,0,0,0,0,,Makeup,Lip,Lip Gloss,9,16,16
P69304,Strong Hold Clear Brow Gel,5746,Anastasia Beverly Hills,209498,4.4206,4826,0.26 oz/ 7.85 ml,Color,Clear,colorless,"['Water/Eau/Aqua, Alcohol Denat., Vp/Va Copolymer, Propylene Glycol, Carbomer, Glycerin, Aminomethyl Propanol, Hydrolyzed Glycosaminoglycans, Butylene Glycol, Chamomilla Recutita (Matricaria) Flower Extract, Sodium Hyaluronate, Tetrasodium Edta, Phenoxyethanol, Methylparaben, Propylparaben.']",22,0,0,0,0,0,"['Vegan', 'Hyaluronic Acid', 'Community Favorite', 'Long-wearing', 'Strong Hold']",Makeup,Eye,Eyebrow,1,9,9
P69300,Ombre Effect Long Wearing Brow Powder Duo,5746,Anastasia Beverly Hills,187062,4.695,5086,0.03 oz/ 2 x 0.8 g,Color,Medium Brown,taupe based brown,"['Talc, Boron Nitride, Nylon-12, Ethylhexyl Palmitate, Magnesium Myristate, Zinc Stearate, Silica, Methicone, Sodium Dehydroacetate, Ascorbyl Palmitate, Tocopherol, Methylparaben, Propylparaben, Butylparaben,  May Contain/Peut Contenir: Iron Oxides (CI 77499, CI 77492, CI 77491), Titanium Dioxide (CI 77891), Ultramarines (CI 77007).']",23,0,0,0,0,0,"['Natural Finish', 'Pressed Powder Formula', 'Vegan', 'Fragrance Free', 'Community Favorite']",Makeup,Eye,Eyebrow,10,23,23
P468341,Brow Freeze Extreme Hold Laminated-Look Sculpting Wax,5746,Anastasia Beverly Hills,178195,3.9071,2293,0.28 oz/ 8 g,Color,Clear,translucent/clear,"['Water (Aqua) Ceteareth-30, D-Sorbitol, Propanediol, Glycerin, Phenoxyethanol Propylene Glycol, Ethylhexylglycerin, Citric Acid, Potassium Sorbate.']",23,0,0,0,0,0,"['Natural Finish', 'Vegan', 'Oil Free', 'Best for Oily, Combo, Normal Skin']",Makeup,Eye,Eyebrow,0,,
P454751,Mini Strong Hold Clear Brow Gel,5746,Anastasia Beverly Hills,111380,4.1889,90,0.085 fl oz/ 2.5ml,Color,Clear,colorless,"['Water/Eau/Aqua, Alcohol Denat., Vp/Va Copolymer, Propylene Glycol, Carbomer, Glycerin, Aminomethyl Propanol, Hydrolyzed Glycosaminoglycans, Butylene Glycol, Chamomilla Recutita (Matricaria) Flower Extract, Sodium Hyaluronate, Tetrasodium Edta, Phenoxyethanol, Methylparaben, Propylparaben.']",9,0,0,0,0,0,"['Vegan', 'Hyaluronic Acid', 'Community Favorite', 'Long-wearing', 'Strong Hold']",Makeup,Eye,Eyebrow,0,,
P410504,Stick Foundation,5746,Anastasia Beverly Hills,95974,3.4315,1868,0.32 oz/ 9.1 g,Color,Banana,highlight pale yellow,"['Phenyl Trimethicone, Dimethicone, Isononyl Isononanoate, Silica, Bis-Diglyceryl Polyacyladipate-2, Ozokerite, Polymethyl Methacrylate, Triisodecyl Trimellitate, Polyethylene, Microcrystalline Wax/Cera Microcristallina, Euphorbia Cerifera (Candelilla) Wax/Candelilla Cera, Kaolin, Ethylhexyl Palmitate, Isopropyl Myristate, Isostearic Acid, Lecithin, Limnanthes Alba (Meadowfoam) Seed Oil, Polyglyceryl-3 Polyricinoleate, Polyhydroxystearic Acid, Simmondsia Chinensis (Jojoba) Seed Oil, Sodium Magnesium Silver Phosphate, Tocopheryl Acetate. May Contain (+/-): Iron Oxides (Ci 77491, Ci 77492, Ci 77499), Titanium Dioxide (Ci 77891).']",25,0,0,0,0,0,,Makeup,Face,Foundation,3,25,25
P187202,Tinted Brow Gel,5746,Anastasia Beverly Hills,86781,4.1864,2640,0.32 oz / 9 g,Color,Blonde,golden taupe,"['Water, Alcohol Denat., Vp/Va Copolymer, Mica, Butylene Glycol, Glycerin, Caprylyl Glycol, Carbomer, Ethylhexylglycerin, Hexylene Glycol, Phenoxyethanol, Disodium Edta, Triethanolamine, May Contain: (+/-) Iron Oxides (Ci 77491, Ci 77492, Ci 77499), Titanium Dioxide (Ci 77891).']",22,0,0,0,0,0,"['Vegan', 'Natural Finish', 'Long-wearing', 'Full Coverage']",Makeup,Eye,Eyebrow,6,22,22
P441838,DIPBROW Gel,5746,Anastasia Beverly Hills,76766,3.7853,1076,,Color,Blonde,for blonde hair with warm/gold undertones,"['Isododecane, Talc, Trimethylsiloxysilicate, Dimethicone, Beeswax, Vp/Eicosene Copolymer, Caprylyl Methicone, Trihydroxystearin, Triethylhexanoin, Trisiloxane, Silica, Disteardimonium Hectorite, Hdi/Trimethylol Hexyllactone Crosspolymer, Propylene Carbonate, Pentaerythrityl Tetra‐Di‐T‐Butyl Hydroxyhydrocinnamate. May Contain (+/-): Manganese Violet (Ci 77742), Ultramarines (Ci 77007), Carmine (Ci 75470), Yellow 5 Lake (Ci 19140), Iron Oxides (Ci 77491, Ci 77492, Ci 77499), Titanium Dioxide (Ci 77891).']",20,0,0,0,0,0,"['Full Coverage', 'Waterproof', 'Matte Finish', 'Long-wearing']",Makeup,Eye,Eyebrow,15,20,9
P480576,Matte & Satin Velvet Lipstick,5746,Anastasia Beverly Hills,73493,4.6062,1427,,Color,Blush Brown,pinky brown with a matte finish,"['Octyldodecanol, Polybutene, Polyethylene, Microcrystalline Wax/Cera Microcristallina/Cire Microcristalline, Hydrogenated Polyisobutene, Bis-Behenyl/Isostearyl/Phytosteryl Dimer Dilinoleyl Dimer Dilinoleate, Dicalcium Phosphate, Ethylene/Propylene/Styrene Copolymer, Mica, Ethyl Vanillin, Pentaerythrityl Tetra-Di-T-Butyl Hydroxyhydrocinnamate, Polymethylsilsesquioxane, C20-24 Olefin, Butylene/Ethylene/Styrene Copolymer, Tocopherol, Bht, Titanium Dioxide (Ci 77891), Iron Oxides (Ci 77491, Ci 77492, Ci 77499), Blue 1 Lake (Ci 42090), Red 6 (Ci 15850), Red 7 Lake (Ci 15850).']",23,0,0,0,0,0,"['Satin Finish', 'Matte Finish', 'Oil Free', 'Alcohol Free', 'Cruelty-Free']",Makeup,Lip,Lipstick,23,23,23
P386783,Pro Pencil,5746,Anastasia Beverly Hills,66546,4.0611,360,0.087 oz/ 2.4 g,Color,Base 1,,"['C10-18 Triglycerides, Hydrogenated Palm Glycerides, Caprylic/Capric Triglyceride, Polyethylene, Mica, Talc, Microcrystalline Wax/Cire Microcristalline/Cera Microcristallina, Ascorbyl Palmitate, Tocopherol. May Contain: (+/-) Iron Oxides (CI 77491, CI 77492, CI 77499), Titanium Dioxide (CI 77891).']",18,0,0,0,0,0,"['Full Coverage', 'Matte Finish', 'Stick Formula', 'Vegan', 'Without Parabens']",Makeup,Eye,Eyebrow,2,18,18
P442999,DIPBROW Gel - Mini,5746,Anastasia Beverly Hills,65374,3.3403,573,,Color,Soft Brown,for light brown hair with warm/cool undertones,"['Isododecane, Talc, Trimethylsiloxysilicate, Dimethicone, Beeswax, Vp/Eicosene Copolymer, Caprylyl Methicone, Trihydroxystearin, Triethylhexanoin, Trisiloxane, Silica, Disteardimonium Hectorite, Hdi/Trimethylol Hexyllactone Crosspolymer, Propylene Carbonate, Pentaerythrityl Tetra‐Di‐T‐Butyl Hydroxyhydrocinnamate. May Contain (+/-): Manganese Violet (Ci 77742), Ultramarines (Ci 77007), Carmine (Ci 75470), Yellow 5 Lake (Ci 19140), Iron Oxides (Ci 77491, Ci 77492, Ci 77499), Titanium Dioxide (Ci 77891).']",9,0,0,0,0,0,"['Matte Finish', 'Long-wearing', 'Full Coverage', 'Waterproof']",Makeup,Eye,Eyebrow,4,9,9
P449124,Luminous Foundation,5746,Anastasia Beverly Hills,64069,4.1304,1902,1.01 oz/ 30 ml,Color,330W,medium skin with a warm yellow undertone,"['Water/Aqua, Cyclopentasiloxane, Isododecane, Caprylyl Methicone, C12-15 Alkyl Benzoate, Ethylhexyl Palmitate, Polyglyceryl-4 Isostearate, Hexyl Laurate, Cetyl Peg/Ppg-10/1 Dimethicone, Glycerin, Trimethylsiloxysilicate, Butylene Glycol, Vinyl Dimethicone/Methicone Silsesquioxane Crosspolymer, Sodium Chloride, Laminaria Ochroleuca Extract, Alanine, Arginine, Glycine, Isoleucine, Histidine, Phenylalanine, Proline, Threonine, Serine, Aspartic Acid, Valine, Sodium Pca, Panthenol, Tocopheryl Acetate, Allantoin, Sodium Lactate, Pca, Ethylhexylglycerin, Caprylic/Capric Triglyceride, Simethicone, Tetrasodium Edta, Triethoxycaprylylsilane, Zinc Stearate, Lauryl Peg-9 Polydimethylsiloxyethyl Dimethicone, Stearalkonium Hectorite, Propylene Carbonate, Phenoxyethanol. May Contain (+/-): Chromium Oxide Greens (Ci 77288), Ultramarines (Ci 77007), Iron Oxides (Ci 77491, Ci 77492, Ci 77499), Titanium Dioxide (Ci 77891).']",38,0,0,0,0,0,"['Vegan', 'Good for: Dullness/Uneven Texture', 'Liquid Formula', 'Hydrating', 'Long-wearing', 'Good for: Anti-Aging']",Makeup,Face,Foundation,49,38,38
P69305,Perfect Brow Pencil,5746,Anastasia Beverly Hills,63182,4.4411,2156,0.034 oz/ 0.85 g,Color,Taupe,cool taupe,"['C10-18 Triglycerides, Hydrogenated Vegetable Oil, Talc, Mica, Hydrogenated Cottonseed Oil, Caprylic/Capric Triglyceride, Ascorbyl Palmitate, Tocopherol,May Contain/Peut Contenir: (+/-) Iron Oxides (Ci 77491, Ci 77492, Ci 77499), Titanium Dioxide (Ci 77891).']",23,0,0,0,0,0,,Makeup,Eye,Eyebrow,7,23,23
P462328,Superfine Micro-Stroking Detail Brow Pen,5746,Anastasia Beverly Hills,51057,3.9654,866,0.017 oz / 0.5 mL,Color,Dark Brown,,"['Water/Aqua/Eau, Butylene Glycol, Acrylates/Ethylhexyl Acrylate Crosspolymer, Pentylene Glycol, Pvp, Ammonium Acrylates Copolymer, Polyglyceryl-3 Disiloxane Dimethicone, Ethylhexylglycerin, Caprylyl Glycol, Sodium Polyacrylate, 1,2-Hexanediol, Laureth-21, Steareth-20, Disodium Laureth Sulfosuccinate, Sodium Lauryl Sulfate, Peg-40 Hydrogenated Castor Oil, Sodium Dehydroacetate, Phenoxyethanol, Black 2 (Ci 77266) [Nano], Iron Oxides (Ci 77491, Ci 77492).']",22,0,0,0,0,0,"['Waterproof', 'Natural Finish', 'Liquid Formula', 'Vegan', 'Fragrance Free']",Makeup,Eye,Eyebrow,8,22,22
P443753,Dewy Set Setting Spray,5746,Anastasia Beverly Hills,50318,4.2373,316,0.4 oz/ 100 mL,Type,,,"['Water, Glycerin, Butylene Glycol, Portulaca Oleracea Extract, Caprylyl Glycol, Disodium EDTA, Ethylhexylglycerin, Panthenol, PEG-40 Hydrogenated Castor Oil, Pentylene Glycol, PPG-26-Buteth-26, Sodium Citrate, Fragrance.']",26,0,0,0,0,0,"['Radiant Finish', 'Best for Dry, Combo, Normal Skin', 'Floral Scent', 'Vegan']",Makeup,Face,Setting Spray & Powder,1,15,15
P427916,Powder Bronzer,5746,Anastasia Beverly Hills,44106,4.5012,433,0.35 oz /10 g,Color,Rosewood,light golden,"['Boron Nitride, Caprylic/Capric Triglyceride, Lauroyl Lysine, Nylon-12, Polymethylsilsesquioxane, Aluminum Starch Octenylsuccinate, Magnesium Stearate, Dimethicone, Triethoxycaprylylsilane, Caprylyl Glycol, Ethylhexyl Palmitate, Ethylhexylglycerin, Isopropyl Myristate, Isostearic Acid, Lecithin, Phenoxyethanol, Polyglyceryl-3 Polyricinoleate, Polyhydroxystearic Acid, Tocopheryl Acetate. May Contain (+/-): Mica, Red 6 (Ci 15850), Iron Oxides (Ci 77491, Ci 77492, Ci 77499), Titanium Dioxide (Ci 77891).']",28,0,0,0,0,0,,Makeup,Cheek,Bronzer,2,28,28
P474813,Stick Cream Blush,5746,Anastasia Beverly Hills,43248,4.6228,729,0.28 oz / 8.0 g,Color,Nectarine,light bright peach,"['NECTARINE DIISOSTEARYL MALATE, BUTYLENE GLYCOL DICAPRYLATE/DICAPRATE, DIMETHICONE, ISOTRIDECYL ISONONANOATE, POLYMETHYLSILSESQUIOXANE, MICA, PARAFFIN, POLYISOBUTENE, SILICA, MICROCRYSTALLINE WAX/CERA MICROCRISTALLINA/CIRE MICROCRISTALLINE, POLYETHYLENE, SORBITAN SESQUIOLEATE, EUPHORBIA CERIFERA (CANDELILLA) CERA/EUPHORBIA CERIFERA (CANDELILLA) WAX, 1,2-HEXANEDIOL, CAPRYLIC/CAPRIC GLYCERIDES, TOCOPHERYL ACETATE, POLYGLYCERYL-2 TRIISOSTEARATE, MAY CONTAIN/PEUT CONTENIR (+/-): TITANIUM DIOXIDE (CI 77891), IRON OXIDES (CI 77491, CI 77492), RED 7 LAKE (CI 15850), YELLOW 5 LAKE (CI 19140), BLUE 1 LAKE (CI 42090), YELLOW 6 LAKE (CI 15985)']",32,0,0,0,0,0,"['Stick Formula', 'Radiant Finish', 'Natural Finish', 'Long-wearing', 'Without Parabens', 'Cruelty-Free']",Makeup,Cheek,Blush,6,32,32
P475045,Magic Touch Concealer,5746,Anastasia Beverly Hills,42036,4.551,2717,0.4 oz/ 12 mL,Color,19,medium to tan skin with peach undertones,"['Aqua/Water/Eau, Behenyl Dimethicone, Bis-Stearyl Dimethicone, Glycerin, Caprylyl Methicone, C12-15 Alkyl Benzoate, Ethylhexyl Palmitate, Polyglyceryl-4 Isostearate, Cetyl Peg/Ppg-10/1 Dimethicone, Diphenyl Dimethicone, Disteardimonium Hectorite, Aluminum Hydroxide, Sodium Chloride, 1,2-Hexanediol, Caprylyl Glycol, Helianthus Annuus (Sunflower) Seed Oil, Talc, Ammonium Glycyrrhizate, Disodium Edta, Sodium Lauroyl Glutamate, Xanthan Gum, Lysine, Rosmarinus Officinalis (Rosemary) Leaf Extract, Tocopherol, Magnesium Chloride, Lecithin, Ascorbyl Palmitate, Glyceryl Stearate, Glyceryl Oleate, Synthetic Fluorphlogopite, Sodium Hyaluronate, Hydrogen Dimethicone, Methicone, Citric Acid, Pentaerythrityl Tetra-Di-T-Butyl Hydroxyhydrocinnamate, Phenoxyethanol, May Contain/Peut Contenir (+/-): Titanium Dioxide (Ci 77891), Iron Oxides (Ci 77491, Ci 77492, Ci 77499), Chromium Oxide Greens (Ci 77288), Blue 1 Lake  (Ci 42090).']",29,0,0,0,0,0,"['Natural Finish', 'Liquid Formula', 'Good for: Dark Circles', 'Medium Coverage', 'Best for Oily, Combo, Normal Skin', 'Good for: Dark spots']",Makeup,Face,Concealer,24,29,29
P224610,Highlighting Duo Pencil,5746,Anastasia Beverly Hills,41399,4.4611,501,0.18 oz/ 5 g,Color,Matte Camille / Sand Shimmer,pink based flesh tone/ iridescent beige,"['Matte Highlighter Side:', 'Isodecyl Isononanoate, Hydrogenated Coco-Glycerides, Silica, Euphorbia Cerifera (Candelilla Cera) Wax, Microcrystalline Wax (Cera Microcristallina), Mica, Polymethyl Methacrylate, Copernicia Cerifera (Cera Carnauba) Wax, Methylparaben, Disteardimonium Hectorite, Propylparaben, Propylene Carbonate, Tocopherol, Ascorbyl Palmitate, Talc. May Contain: (+/-) Titanium Dioxide (CI 77891), Iron Oxides (CI 77491, CI 77492, CI 77499).', 'Shimmer Highlighter Side:', 'Ricinus Communis (Castor) Seed Oil, Euphorbia Cerifera (Candelilla Cera) Wax, Octyldodecanol, Ethylhexyl Palmitate, Simmondsia Chinensis (Jojoba) Seed Oil, Bis-diglyceryl Polyacyladipate-2, Copernicia Cerifera (Cera Carnauba) Wax, Caprylic/Capric Triglyceride, Cetyl Alcohol, Calcium Sulfate, Montmorillonite, Beeswax (Cera Alba), Tocopherol, Aloe Barbadensis Leaf Extract, Chamomilla Recutita (Matricaria) Extract, Ascorbyl Palmitate, Wheat Germ Glycerides. May Contain (+/-) Mica, Titanium Dioxide (CI 77891), Bismuth Oxychloride (CI 77163), Iron Oxides (CI 77491, CI 77492, CI 77499), Carmine (CI 75470).']",23,0,0,0,0,0,,Makeup,Eye,Eyeshadow,1,23,23
P474812,Cream Bronzer,5746,Anastasia Beverly Hills,39659,4.5417,707,1 oz / 30 mL,Color,Warm Tan,fair to light with warm pink undertones,"['Warm Tan Phenyl Trimethicone, Silica, Dimethicone, Bis-Diglyceryl Polyacyladipate-2, Isononyl Isononanoate, Mica, Microcrystalline Wax/Cera Microcristallina/Cire Microcristalline, Sorbitan Olivate, Synthetic Fluorphlogopite, Synthetic Wax, Octyldodecanol, Triethoxycaprylylsilane, Sorbitan Isostearate, 1,2- Hexanediol, Polyhydroxystearic Acid, Aluminum Hydroxide, Ethylhexyl Palmitate, Isopropyl Myristate, Isostearic Acid, Lecithin, Polyglyceryl-3 Polyricinoleate, Tocopheryl Acetate, Caprylyl Glycol, Ethylhexylglycerin, May Contain/Peut Contenir (+/-): Titanium Dioxide (Ci 77891), Iron Oxides (Ci 77491, Ci 77492, Ci 77499), Manganese Violet (Ci 77742)']",35,0,0,0,0,0,"['Cream Formula', 'Matte Finish', 'Without Phthalates', 'Fragrance Free', 'Without Parabens', 'Without Sulfates SLS & SLES']",Makeup,Cheek,Bronzer,9,35,35
P450720,Contour & Highlight Stick,5746,Anastasia Beverly Hills,37976,3.8262,351,0.32 oz/ 9.1 g,Color,Shadow,contour caramel latte,"['Phenyl Trimethicone, Dimethicone, Isononyl Isononanoate, Silica, Bis-Diglyceryl Polyacyladipate-2, Ozokerite, Polymethyl Methacrylate, Triisodecyl Trimellitate, Polyethylene, Microcrystalline Wax/Cera Microcristallina, Euphorbia Cerifera (Candelilla) Wax/Candelilla Cera, Kaolin, Ethylhexyl Palmitate, Isopropyl Myristate, Isostearic Acid, Lecithin, Limnanthes Alba (Meadowfoam) Seed Oil, Polyglyceryl-3 Polyricinoleate, Polyhydroxystearic Acid, Simmondsia Chinensis (Jojoba) Seed Oil, Sodium Magnesium Silver Phosphate, Tocopheryl Acetate. May Contain (+/-): Iron Oxides (Ci 77491, Ci 77492, Ci 77499), Titanium Dioxide (Ci 77891).']",25,0,0,0,0,0,,Makeup,Face,Contour,3,25,25
P395205,Waterproof Crème Color,5746,Anastasia Beverly Hills,32099,3.4277,346,0.14 oz/ 4 g,Color,Jet,black,"['Cyclopentasiloxane, Isododecane, Polyethylene, Cyclohexasiloxane, Trimethylsiloxysilicate, Ozokerite, Bis-Diglyceryl Polyacyladipate-2, Silica Dimethyl Silylate, Silica, Mica, Caprylyl Glycol, Ethylhexylglycerin, Propylparaben, Tocopheryl Acetate, Triethoxycaprylylsilane, May Contain/Peut Contenir: (+/-) Blue 1 Lake (CI 42090), Bismuth Oxychloride (CI 77163), Titanium Dioxide (CI 77891), Iron Oxides (CI 77491, CI 77492, CI 77499).']",18,0,0,0,0,0,,Makeup,Eye,Eyeshadow,0,,
P449149,Loose Setting Powder,5746,Anastasia Beverly Hills,27345,4.534,824,0.9 oz/ 25 g,Color,Vanilla,ivory,"['Talc, Mica, Vinyl Dimethicone/Methicone Silsesquioxane Crosspolymer, Zea Mays (Corn) Starch, Ethylhexylglycerin, Lauroyl Lysine, Ethylhexyl Palmitate, Caprylic/Capric Triglyceride, Phenoxyethanol. May Contain (+/-): Red 30 Lake (Ci 73360), Yellow 5 Lake (Ci 19140), Iron Oxides (Ci 77491, Ci 77492, Ci 77499).']",38,0,0,0,0,0,"['Matte Finish', 'Natural Finish', 'Loose Powder Formula', 'Best for Oily Skin', 'Vegan', 'Without Parabens']",Makeup,Face,Setting Spray & Powder,5,38,19
P468343,Tinted Lip Gloss,5746,Anastasia Beverly Hills,27142,4.4921,252,0.15 oz / 4.7 mL,Color,Soft Pink,baby pink,"['Polybutene, Tridecyl Trimellitate, Hydrogenated Polyisobutene, Octyldodecyl Stearoyl Stearate, Silica, Pentaerythrityl Tetraisostearate, Polyglyceryl-2 Diisostearate, Silica Dimethyl Silylate, Disteardimonium Hectorite, Dicalcium Phosphate, Ethyl Vanillin, Mica, Pentaerythrityl Tetra-Di-T-Butyl Hydroxyhydrocinnamate, Propylene Carbonate, Tocopherol, Iron Oxides (Ci 77491, Ci 77492), Titanium Dioxide (Ci 77891), Red 7 Lake (Ci 15850), Blue 1 Lake (Ci 42090).']",20,0,0,0,0,0,"['Without Phthalates', 'Without Parabens', 'Without Sulfates SLS & SLES', 'Cruelty-Free']",Makeup,Lip,Lip Gloss,7,20,20
P478230,NORVINA Chroma Stix Makeup Pencils,5746,Anastasia Beverly Hills,21640,4.186,242,0.01 oz/ 6.6 g,Color,Yellow,,"['Isododecane, Trimethylsiloxysilicate, Polyethylene, Synthetic Fluorphlogopite, Ceresin, Euphorbia Cerifera (Candelilla) Wax/Euphorbia Cerifera Cera/Cire De Candelilla, Polybutene, Silica, Sorbitan Sesquioleate, Synthetic Wax, Stearalkonium Hectorite, Phenoxyethanol, Tocopheryl Acetate, Titanium Dioxide (Ci 77891), Yellow 5 Lake (Ci 19140).']",18,0,0,0,0,1,"['Cruelty-Free', 'Vegan', 'Waterproof', 'Gluten Free', 'Alcohol Free']",Makeup,Eye,Eyeliner,12,18,18
P173317,Brow Primer,5746,Anastasia Beverly Hills,20917,4.2638,527,0.1 oz/ 2.5 mL,Size,0.1 oz/ 2.5 mL,clear,"['Ethylhexyl Palmitate, Bis-Diglyceryl Polyacyladipate-2, Euphorbia Cerifera (Candelilla) Wax, Isononyl Isononanoate, Mica, Silica, Polymethyl Methacrylate, Synthetic Beeswax, Caprylyl Glycol, Ethylhexylglycerin, Tocopheryl Acetate, Propylparaben. May Contain (+/-): Iron Oxides (Ci 77491, Ci 77492, Ci 77499), Titanium Dioxide (Ci 77891).']",21,0,0,0,0,0,,Makeup,Eye,Eyebrow,0,,
P449151,Liquid Liner,5746,Anastasia Beverly Hills,18963,4.1865,842,0.08 oz/ 2.4 mL,Size,0.08 oz/ 2.4 mL,true black matte,"['Water/Aqua, Glycerin, Styrene/Acrylates Copolymer, Triethyl Citrate, Silica, Xanthan Gum, Sodium Citrate, Peg-40 Hydrogenated Castor Oil, Lactic Acid, Benzyl Alcohol, Ppg-26-Buteth-26, Sodium Dehydroacetate, Dehydroacetic Acid, Iron Oxides (Ci 77499).']",18,0,0,0,0,0,,Makeup,Eye,Eyeliner,0,,
P477809,Primrose All In One Face & Eye Shadow Palette,5746,Anastasia Beverly Hills,17469,4.6626,406,,,,,"['Rose Water:', 'Synthetic Fluorphlogopite, Mica, Calcium Aluminum Borosilicate, Silica, Boron Nitride, Dimethicone, Glycerin, Polymethylsilsesquioxane, Vinyl Dimethicone/Methicone Silsesquioxane Crosspolymer, Zea Mays (Corn) Starch, Zinc Myristate, Zinc Stearate, Cyclopentasiloxane, Tin Oxide, Caprylyl Glycol, Isopentyldiol, Polysilicone-11, Hydrogenated Lecithin, Tocopherol, Lauroyl Lysine, Phenoxyethanol, Titanium Dioxide (Ci 77891), Iron Oxides (Ci 77491, Ci 77492, Ci 77499).', 'Fire Opal:', 'Mica, Aluminum Calcium Sodium Silicate, Silica, Dimethicone, Boron Nitride, Glycerin, Polymethylsilsesquioxane, Vinyl Dimethicone/Methicone Silsesquioxane Crosspolymer, Zea Mays (Corn) Starch, Zinc Myristate, Zinc Stearate, Cyclopentasiloxane, Caprylyl Glycol, Alumina, Lauroyl Lysine, Tin Oxide, Isopentyldiol, Polysilicone-11, Tocopherol, Hydrogenated Lecithin, Phenoxyethanol, Iron Oxides (Ci 77491, Ci 77492, Ci 77499), Titanium Dioxide (Ci 77891), Carmine (Ci 75470).', 'Grapefruit:', 'Mica, Dimethicone, Boron Nitride, Polymethylsilsesquioxane, Zea Mays (Corn) Starch, Zinc Myristate, Zinc Stearate, Glycerin, Silica, Vinyl Dimethicone/Methicone Silsesquioxane Crosspolymer, Cyclopentasiloxane, Caprylyl Glycol, Calcium Sulfate, Water/Eau/ Aqua, Rosin/Colophane, Lauroyl Lysine, Hydrogenated Lecithin, Isopentyldiol, Polysilicone-11, Tocopherol, Sodium Chloride, Phenoxyethanol, Titanium Dioxide (Ci 77891), Yellow 5 Lake (Ci 19140), Carmine (Ci 75470), Iron Oxides (Ci 77491, Ci 77492, Ci 77499), Red 21 Lake (Ci 45380), Red 7 Lake (Ci 15850).', 'Saddle:', 'Mica, Dimethicone, Silica, Nylon-12, Polymethylsilsesquioxane, Zinc Stearate, Glycerin, Octyldodecyl Stearoyl Stearate, Vinyl Dimethicone/Methicone Silsesquioxane Crosspolymer, Cyclopentasiloxane, Moringa Oleifera Seed Oil, Hydrogenated Lecithin, Lauroyl Lysine, Isopentyldiol, Polysilicone-11, Caprylyl Glycol, Tocopherol, Phenoxyethanol, Iron Oxides (Ci 77491, Ci 77492, Ci 77499), Titanium Dioxide (Ci 77891), Yellow 5 Lake (Ci 19140).', 'Claret:', 'Mica, Dimethicone, Boron Nitride, Polymethylsilsesquioxane, Zea Mays (Corn) Starch, Zinc Myristate, Zinc Stearate, Glycerin, Silica, Vinyl Dimethicone/Methicone Silsesquioxane Crosspolymer, Cyclopentasiloxane, Caprylyl Glycol, Calcium Sulfate, Water/Eau/ Aqua, Rosin/Colophane, Lauroyl Lysine, Hydrogenated Lecithin, Isopentyldiol, Polysilicone-11, Tocopherol, Sodium Chloride, Phenoxyethanol, Titanium Dioxide (Ci 77891), Iron Oxides (Ci 77491, Ci 77492, Ci 77499), Yellow 5 Lake (Ci 19140), Carmine (Ci 75470), Yellow 6 Lake (Ci 15985), Red 7 Lake (Ci 15850).', 'Deep Berry:', 'Mica, Calcium Sulfate, Rosin/Colophane, Dimethicone, Boron Nitride, Glycerin, Polymethylsilsesquioxane, Silica, Vinyl Dimethicone/Methicone Silsesquioxane Crosspolymer, Zea Mays (Corn) Starch, Zinc Myristate, Zinc Stearate, Cyclopentasiloxane, Caprylyl Glycol, Water/Eau/ Aqua, Isopentyldiol, Polysilicone-11, Tocopherol, Lauroyl Lysine, Sodium Chloride, Hydrogenated Lecithin, Phenoxyethanol, Iron Oxides (Ci 77491, Ci 77492, Ci 77499), Red 33 Lake (Ci 17200), Titanium Dioxide (Ci 77891), Red 7 Lake (Ci 15850), Blue 1 Lake (Ci 42090), Red 21 Lake (Ci 45380).', 'Honey:', 'Mica, Dimethicone, Boron Nitride, Zinc Stearate, Polymethylsilsesquioxane, Zea Mays (Corn) Starch, Glycerin, Silica, Vinyl Dimethicone/Methicone Silsesquioxane Crosspolymer, Zinc Myristate, Cyclopentasiloxane, Caprylyl Glycol, Hydrogenated Lecithin, Lauroyl Lysine, Isopentyldiol, Polysilicone-11, Tocopherol, Phenoxyethanol, Titanium Dioxide (Ci 77891), Iron Oxides (Ci 77491, Ci 77492, Ci 77499), Red 30 Lake (Ci 73360), Yellow 5 Lake (Ci 19140).', 'Mango:', 'Mica, Dimethicone, Boron Nitride, Polymethylsilsesquioxane, Zea Mays (Corn) Starch, Zinc Myristate, Zinc Stearate, Glycerin, Silica, Vinyl Dimethicone/Methicone Silsesquioxane Crosspolymer, Cyclopentasiloxane, Caprylyl Glycol, Hydrogenated Lecithin, Lauroyl Lysine, Isopentyldiol, Polysilicone-11, Tocopherol, Phenoxyethanol, Titanium Dioxide (Ci 77891), Iron Oxides (Ci 77491, Ci 77492, Ci 77499), Yellow 5 Lake (Ci 19140), Carmine (Ci 75470), Red 21 Lake (Ci 45380).', 'Peony:', 'Calcium Aluminum Borosilicate, Synthetic Fluorphlogopite, Mica, Dimethicone, Boron Nitride, Glycerin, Polymethylsilsesquioxane, Silica, Vinyl Dimethicone/Methicone Silsesquioxane Crosspolymer, Zea Mays (Corn) Starch, Zinc Myristate, Zinc Stearate, Cyclopentasiloxane, Caprylyl Glycol, Tin Oxide, Isopentyldiol, Hydrogenated Lecithin, Polysilicone-11, Tocopherol, Lauroyl Lysine, Phenoxyethanol, Titanium Dioxide (Ci 77891), Red 21 Lake (Ci 45380), Iron Oxides (Ci 77491, Ci 77499), Carmine (Ci 75470), Red 40 Lake (Ci 16035).', 'Primrose:', 'Mica, Calcium Sodium Borosilicate, Dimethicone, Silica, Boron Nitride, Glycerin, Polymethylsilsesquioxane, Vinyl Dimethicone/Methicone Silsesquioxane Crosspolymer, Zea Mays (Corn) Starch, Zinc Myristate, Zinc Stearate, Cyclopentasiloxane, Caprylyl Glycol, Hydrogenated Lecithin, Lauroyl Lysine, Tin Oxide, Isopentyldiol, Polysilicone-11, Tocopherol, Phenoxyethanol, Titanium Dioxide (Ci 77891), Ultramarines (Ci 77007), Iron Oxides (Ci 77491, Ci 77492, Ci 77499), Red 21 Lake (Ci 45380), Blue 1 Lake (Ci 42090), Carmine (Ci 75470), Yellow 5 Lake (Ci 19140), Red 6 Lake (Ci 15850).', 'Rouge:', 'Mica, Dimethicone, Boron Nitride, Polymethylsilsesquioxane, Zea Mays (Corn) Starch, Zinc Myristate, Zinc Stearate, Glycerin, Silica, Vinyl Dimethicone/Methicone Silsesquioxane Crosspolymer, Cyclopentasiloxane, Caprylyl Glycol, Water/Eau/ Aqua, Hydrogenated Lecithin, Lauroyl Lysine, Isopentyldiol, Polysilicone-11, Tocopherol, Sodium Chloride, Phenoxyethanol, Iron Oxides (Ci 77491, Ci 77492, Ci 77499), Titanium Dioxide (Ci 77891), Yellow 5 Lake (Ci 19140), Yellow 6 Lake (Ci 15985).', 'Sparkling Amber:', 'Synthetic Fluorphlogopite, Mica, Calcium Sodium Borosilicate, Silica, Boron Nitride, Dimethicone, Glycerin, Polymethylsilsesquioxane, Vinyl Dimethicone/Methicone Silsesquioxane Crosspolymer, Zea Mays (Corn) Starch, Zinc Myristate, Zinc Stearate, Cyclopentasiloxane, Caprylyl Glycol, Tin Oxide, Isopentyldiol, Polysilicone-11, Tocopherol, Hydrogenated Lecithin, Lauroyl Lysine, Phenoxyethanol, Iron Oxides (Ci 77491, Ci77492, Ci 77499), Titanium Dioxide (Ci 77891).']",55,0,0,0,0,0,"['Metallic Finish', 'Matte Finish', 'Without Parabens', 'Without Sulfates SLS & SLES', 'Cruelty-Free']",Makeup,Eye,Eyeshadow,0,,
P423923,Liquid Lipstick in Trouble,5746,Anastasia Beverly Hills,11385,3.4766,107,0.11 oz/ 3.2 g,Color,Trouble,,"['Isododecane, Trimethylsiloxysilicate, Boron Nitride, Nylon-12, Ozokerite, Mineral Oil/Paraffinum Liquidum/Huile Minerale, Disteardimonium Hectorite, Butylene/Ethylene/Styrene Copolymer, Ethylene/Propylene/Styrene Copolymer, Isohexadecane, Phenoxyethanol, Propylene Carbonate, Sodium Hyaluronate, Sodium Magnesium Silver Phosphate, Tocopheryl Acetate, Tripeptide-1, Xanthan Gum, May Contain (+/-): Red 7 Lake (Ci 15850), Red 6 (Ci 15850), Yellow 5 Lake (Ci 19140), Red 22 Lake (Ci 45380), Red 27 Lake (Ci 45410), Iron Oxides (Ci 77491, Ci 77492, Ci 77499), Titanium Dioxide (Ci 77891).']",20,1,0,0,0,1,,Makeup,Lip,Lipstick,0,,
P390228,Scissors,5746,Anastasia Beverly Hills,9065,4.0882,34,,,,,,22.5,0,0,0,0,0,,Makeup,Eye,Eyebrow,0,,
P468342,Crystal Lip Gloss,5746,Anastasia Beverly Hills,8257,4.3983,241,0.16 oz/ 4.8 mL,Color,Glass,crystal-clear/translucent,"['Dimethicone, Microcrystalline Wax/Cera Microcristallina/Cire Microcristalline, Pentaerythrityl Tetra-Di-T-Butyl Hydroxyhydrocinnamate, Cetyl Peg/Ppg-10/1 Dimethicone, Paraffin, Fragrance/Parfum, Limonene.']",20,0,0,0,0,0,"['Liquid Formula', 'High Shine Finish', 'Vegan']",Makeup,Lip,Lip Gloss,0,,
P483069,Brow Studio Kit,5746,Anastasia Beverly Hills,7910,4.1429,7,,Color,Medium Brown,medium brown,"['Brow Definer:', 'Behenic Acid, Rhus Succedanea Fruit Wax/Cera, Lanolin, Triethylhexanoin, Sucrose Tetrastearate Triacetate, Hydrogenated Castor Oil, Sorbitan Sesquiisostearate, Hydrogen Dimethicone, Caprylyl Glycol, Hexylene Glycol, Phenoxyethanol, Tocopherol, May Contain/Peut Contenir (+/-): Mica, Iron Oxides (Ci 77491, Ci 77492, Ci 77499), Titanium Dioxide (Ci 77891).', 'Mini DIPBROW Gel:', 'Isododecane, Talc, Trimethylsiloxysilicate, Dimethicone, Beeswax, Vp/Eicosene Copolymer, Caprylyl Methicone, Trihydroxystearin, Triethylhexanoin, Trisiloxane, Disteardimonium Hectorite, Silica, Hdi/Trimethylol Hexyllactone Crosspolymer, Propylene Carbonate, Pentaerythrityl Tetra‐Di‐T‐Butyl Hydroxyhydrocinnamate. May Contain (+/-): Ultramarines (Ci 77007), Carmine (Ci 75470), Iron Oxides (Ci 77491, Ci 77492, Ci 77499), Titanium Dioxide (Ci 77891).', 'Mini Clear Brow Gel:', 'Water/Aqua/Eau, Alcohol Denat., Vp/Va Copolymer, Propylene Glycol, Carbomer, Glycerin, Aminomethyl Propanol, Hydrolyzed Glycosaminoglycans, Butylene Glycol, Chamomilla Recutita (Matricaria) Flower Extract, Sodium Hyaluronate, Tetrasodium Edta, Phenoxyethanol, Methylparaben, Propylparaben.']",29,1,0,0,1,0,"['Fragrance Free', 'Oil Free', 'Cruelty-Free']",Makeup,Eye,Eyebrow,1,29,29
P410502,Darkside Waterproof Liner,5746,Anastasia Beverly Hills,7530,3.3276,58,0.01 oz/ 0.28 g,Color,Darkside,,"['Cyclopentasiloxane, Trimethylsiloxysilicate, Euphorbia Cerifera (Candelilla) Wax/CireDe Candelilla/Candelilla Cera, Isododecane, Beeswax/Cire d’abeille/Cera Alba, Microcrystalline Wax/Cire Microcristalline/Cera Microcristallina, Paraffin, SilicaDimethyl Silylate, Montan Wax/Montan Cera, Copernicia Cerifera (Carnauba) Wax, Phenoxyethanol, May Contain: (+/-), Iron Oxide (Ci 77499), Black 2 (Ci 77266), Blue 1 Lake (Ci 42090).']",18,0,0,0,0,0,,Makeup,Eye,Eyeliner,0,,
P500402,Brow Genius Conditioning Brow Serum,5746,Anastasia Beverly Hills,7494,4.1742,666,.12 oz / 3.5 mL,Size,.12 oz / 3.5 mL,,"['Water/Aqua/Eau, Ricinus Communis (Castor) Seed Oil, Glycerin, Panthenol, Hydroxyethyl Acrylate/Sodium Acryloyldimethyl Taurate Copolymer, Butylene Glycol, Propanediol, Hydroxypropylgluconamide, Hydroxypropylammonium Gluconate, Myristoyl Pentapeptide-17, Acetyl Tetrapeptide-3, Biotin, Dextran, Panax Ginseng Root Extract, Trifolium Pratense (Clover) Flower Extract, Caffeine, C15-23 Alkane, Tocopheryl Acetate, Decyl Glucoside, Lecithin, Alcohol, Ethylhexylglycerin, C13-14 Alkane, Potassium Sorbate, Citric Acid, Caprylyl Glycol, 1,2-Hexanediol, Sodium Benzoate, Tartaric Acid, Benzoic Acid, Benzyl Alcohol, Tocopherol.']",65,0,0,0,0,1,"['Without Phthalates', 'Without Parabens', 'Without Silicones', 'Cruelty-Free']",Makeup,Eye,Eyebrow,0,,
P504629,Laminated Look Brow Kit,5746,Anastasia Beverly Hills,3778,1.1905,21,,Color,Ebony,,"['Brow Freeze:', 'Water/Aqua/Eau, Ceteareth-30, D-Sorbitol, Propanediol, Glycerin, Phenoxyethanol, Propylene Glycol, Ethylhexylglycerin, Citric Acid, Potassium Sorbate.', 'Brow Pen:', 'Water/Aqua/Eau, Butylene Glycol, Acrylates/Ethylhexyl Acrylate Crosspolymer, Pentylene Glycol, Pvp, Ammonium Acrylates Copolymer, Polyglyceryl-3 Disiloxane Dimethicone, Ethylhexylglycerin, Caprylyl Glycol, Sodium Polyacrylate, 1,2-Hexanediol, Laureth-21, Steareth-20, Disodium Laureth Sulfosuccinate, Sodium Lauryl Sulfate, Peg-40 Hydrogenated Castor Oil, Sodium Dehydroacetate, Phenoxyethanol, Black 2 (Ci 77266) [Nano], Iron Oxides (Ci 77491, Ci 77492).']",24,0,0,0,0,0,"['Vegan', 'Long-wearing', 'Cruelty-Free']",Makeup,Eye,Eyebrow,4,24,24
P393401,Luminous Silk Perfect Glow Flawless Oil-Free Foundation,1517,Armani Beauty,622995,4.2162,4162,1 oz/ 30 mL,Color,7.5,"tan, peach","['Aqua / Water, Cyclopentasiloxane, Glycerin, Isododecane, Alcohol Denat., Polyglyceryl-4 Isostearate, Cetyl Peg/Ppg-10/1 Dimethicone, Hexyl Laurate, Aluminum Starch Octenylsuccinate, Disteardimonium Hectorite, Phenoxyethanol, Acetylated Glycol Stearate, Magnesium Sulfate, Peg-10 Dimethicone, Trihydroxystearin, Cellulose Gum, Nylon-12, Limonene, Benzyl Salicylate, Benzyl Alcohol, Linalool, Pentaerythrityl Tetra-Di-T-Butyl Hydroxyhydrocinnamate, Isobutane, Diphenyl Dimethicone, Acrylonitrile/Methyl Methacrylate/Vinylidene Chloridecopolymer, Parfum / Fragrance, Disodium Stearoyl Glutamate, Methylparaben, Butylphenyl Methylpropional, Aluminum Hydroxide, Hexyl Cinnamal.']",69,0,0,0,0,0,"['Natural Finish', 'Liquid Formula', 'Community Favorite', 'allure 2018 Best of Beauty Award Winner', 'Medium Coverage', 'Oil Free']",Makeup,Face,Foundation,78,69,45
P393434,Eye Tint Long-Lasting Liquid Eyeshadow,1517,Armani Beauty,99920,4.3822,955,0.13 oz / 3.9 mL,Color,2 Liquid Gold,soft gold shimmer,"['Isododecane , Synthetic Fluorphlogopite , Silica , Talc , Calcium Sodium Borosilicate , Cera Alba / Beeswax / Cire d’abeille , Ci 77891 / Titanium Dioxide , Hydrogenated Coco-Glycerides , Ci 77499 / Iron Oxides , Lauroyl Lysine , Disteardimonium Hectorite , Mica , Ethylene/Va Copolymer , Propanediol , Paraffin , Propylene Carbonate , Phenoxyethanol , Ethylhexylglycerin , Tin Oxide , Ci 77266 / Black 2 , Pentaerythrityl Tetra-Di-T-Butyl Hydroxyhydrocinnamate , Tocopherol']",36,0,0,0,0,0,"['Long-wearing', 'Fragrance Free', 'Oil Free']",Makeup,Eye,Eyeshadow,14,36,36
P416785,Power Fabric + Longwear High Cover Foundation SPF 25,1517,Armani Beauty,93829,4.3769,199,1 oz/ 30 mL,Color,2,FAIR WITH AN  OLIVE UNDERTONE,"['Cyclohexasiloxane, Aqua / Water, Dimethicone, Vinyl Dimethicone/Methicone Silsesquioxane Crosspolymer, Ethylhexyl Methoxycinnamate, Propanediol, Alcohol Denat., Butylene Glycol, Phenyl Trimethicone, Cetyl Peg/Ppg-10/1 Dimethicone, Synthetic Fluorphlogopite, Polyglyceryl-4 Isostearate, Phenoxyethanol, Magnesium Sulfate, Disodium Stearoyl Glutamate, Peg/Ppg-18/18 Dimethicone, Parfum / Fragrance, Dimethicone/Vinyl Dimethicone Crosspolymer, Silica Silylate, Silica, Aluminum Hydroxide, Benzyl Salicylate, Hexyl Cinnamal, Benzyl Alcohol, Bht, Limonene, Linalool, Pentaerythrityl Tetra-Di-T-Butyl Hydroxyhydrocinnamate, Tocopherol.']",69,0,0,0,0,0,,Makeup,Face,Foundation,29,69,69
P471221,Lip Power Satin Long Lasting Lipstick,1517,Armani Beauty,74586,4.5863,962,0.10 oz / 3 g,Color,107 Sensual,soft beige,,45,0,1,0,0,0,"['Stick Formula', 'Satin Finish', 'Hydrating', 'Long-wearing']",Makeup,Lip,Lipstick,24,52,45
P456158,Luminous Silk Face and Under-Eye Concealer,1517,Armani Beauty,71952,4.3505,950,0.4 oz/ 12 mL,Color,9,tan to deep with an olive undertone,"['Aqua / Water, Coco-Caprylate/Caprate, Hydrogenated Polyisobutene, Sorbitan Isostearate, Glycerin, Propanediol, Propylene Glycol, Synthetic Fluorphlogopite, Alumina, Phenoxyethanol, Magnesium Sulfate, Disodium Stearoyl Glutamate, Paraffin, Hydroxyacetophenone, Disteardimonium Hectorite, Cera Microcristallina / Microcrystalline Wax, Caprylyl Glycol, Silica Silylate, Synthetic Wax, Caffeine, Trisodium Ethylenediamine Disuccinate, Aluminum Hydroxide, Tocopherol, Tin Oxide, Helianthus Annuus Seed Oil / Sunflower Seed Oil, [May Contain Ci 77891 / Titanium Dioxide, Ci 77491, Ci 77492, Ci 77499 / Iron Oxides].']",39,0,0,0,0,0,"['Radiant Finish', 'allure 2020 Best of Beauty Award Winner', 'Hydrating', 'Medium Coverage', 'Best for Dry, Combo, Normal Skin']",Makeup,Face,Concealer,21,39,39
P441817,Power Fabric Concealer,1517,Armani Beauty,38873,4.4506,870,0.2 oz/ 6 mL,Color,5.5,medium with a peach undertone,"['Aqua/Water, Undecane, Dimethicone, Glycerin, Tridecane, Polyglyceryl-4 Isostearate, Pentylene Glycol, Cetyl Peg/Ppg-10/1 Dimethicone, Hexyl Laurate, Magnesium Sulfate, Disteardimonium Hectorite, Tocopherol, Acetylated Glycol Stearate, Ethylhexylglycerin, Trihydroxystearin, Cellulose Gum, Helianthus Annuus Seed Oil/Sunflower Seed Oil, Pentaerythrityl Tetra-Di-T-Butyl Hydroxyhydrocinnamate, Isobutane, Acrylonitrile/Methyl Methacrylate/Vinylidene Chloride, Copolymer, Disodium Stearoyl Glutamate, Aluminum Hydroxide; May Contain: Ci 77891/Titanium Dioxide, I 77491, Ci 77492, Ci 77499/Iron Oxides.']",40,0,0,0,0,0,,Makeup,Face,Concealer,7,40,34
P458270,Neo Nude Tinted Moisturizer with Hyaluronic Acid,1517,Armani Beauty,34553,4.233,1356,1.1 oz/ 35 mL,Color,4.25,light to medium with a golden undertone,"['Aqua / Water,Glycerin,Caprylyl Methicone, Propanediol, Dimethicone, Pentylene Glycol, Dimethicone/Peg-10/15 Crosspolymer, Alcohol Denat., Sodium Chloride, Triethoxysilylethyl Polydimethylsiloxyethyl Dimethicone, Isopropyl Titanium Triisostearate, Alumina, Caprylyl Glycol, Phenoxyethanol, Disodium Edta, Dipropylene Glycol, Sodium Hyaluronate, Sodium Citrate, Tocopherol,', '[May Contain Ci 77891 / Titanium Dioxide, Ci 77491, Ci 77492, Ci 77499 / Iron Oxides,]']",48,0,0,0,0,0,"['Light Coverage', 'Natural Finish', 'Hyaluronic Acid', 'Hydrating', 'Without Parabens', 'Best for Dry, Combo, Normal Skin']",Makeup,Face,Foundation,23,48,48
P472016,Neo Nude Color Melting Cream Blush,1517,Armani Beauty,20679,4.5263,38,,Color,30,warm coral,"['Mica, Dimethicone, Dicaprylyl Carbonate, Ci 77891 / Titanium Dioxide, Dimethicone/Vinyl Dimethicone Crosspolymer, Phenyl Trimethicone, Hydrogenated Polydecene, Ci 77492 / Iron Oxides, Ci 77491 / Iron Oxides, Ci 77499 / Iron Oxides, Silica, Lauroyl Lysine, 1,2-Hexanediol, Glyceryl Caprylate, Aluminum Hydroxide, Triethoxycaprylylsilane, Isoceteth-10, Methicone, Tocopherol.']",39,0,0,0,0,0,"['Cream Formula', 'Matte Finish']",Makeup,Cheek,Blush,2,39,39
P469846,Luminous Silk Glow Setting Powder,1517,Armani Beauty,13500,4.4474,418,,Color,2,fair with a peach undertone,"['Aqua/Water, Cyclopentasiloxane, Glycerin, Isododecane, Mica, Alcohol Denat., Polyglyceryl-4 Isostearate, Cetyl Peg/Ppg-10/1 Dimethicone, Hexyl Laurate, Ci 77891/Titanium Dioxide, Disteardimonium Hectorite, Aluminum Starch Octenylsuccinate, Phenoxyethanol, Magnesium Sulfate, Diphenyl Dimethicone, Cellulose Gum, Ci 77491/Iron Oxides, Acrylonitrile/Methyl Methacrylate/Vinylidene Chloride Copolymer, Nylon-12, Parfum/Fragrance, Trihydroxystearin, Isobutane, Peg-10 Dimethicone, Acetylated Glycol Stearate, Ci 77492/Iron Oxides, Disodium Stearoyl Glutamate, Benzyl Salicylate, Hexyl Cinnamal, Benzyl Alcohol, Limonene, Linalool, Aluminum Hydroxide, Pentaerythrityl Tetra-Di-T-Butyl Hydroxyhydrocinnamate.']",64,0,0,0,0,0,"['Pressed Powder Formula', 'Natural Finish', 'Best for Dry, Combo, Normal Skin']",Makeup,Face,Setting Spray & Powder,9,64,64
P481814,Lip Maestro Mediterranea Liquid Matte Lipstick,1517,Armani Beauty,7426,4.337,184,0.22 oz/ 6.6 mL,Color,109 Tan,luminous beige,"['Dimethicone, Bis-Diglyceryl Polyacyladipate-2, Diisostearyl Malate, Dimethicone Crosspolymer, Hydrogenated Polyisobutene, Phenyl Trimethicone, Kaolin, Hdi/Trimethylol Hexyllactone Crosspolymer, Isostearyl Isostearate, Polyethylene, Vinyl Dimethicone/Methicone Silsesquioxane Crosspolymer, Nylon-12, Pentylene Glycol, Tocopherol, Magnesium Silicate, Ethylhexylglycerin, Calcium Aluminum Borosilicate, Silica, Calcium Sodium Borosilicate, Colophonium/Rosin, Synthetic Fluorphlogopite, Pentaerythrityl Tetra-Di-T-Butyl Hydroxyhydrocinnamate, Tin Oxide, Caprylyl Glycol, Methicone, Alumina, Aluminum Hydroxide; May Containci 77891/Titanium Dioxide, Ci 15850/Red 7, Ci 45410/Red 28 Lake, Ci 77491, Ci 77492, Ci 77499/Iron Oxides, Ci 15985/Yellow 6 Lake, Ci 45380/Red 22 Lake, Ci 15850/Red 6, Ci 19140/Yellow 5 Lake, Ci 77742/Manganese Violet, Ci 17200/Red 33 Lake, Ci 75470/Carmine, Ci 15850/Red 7 Lake, Ci 77120/Barium Sulfate, Ci 42090/Blue 1 Lake, Mica.']",45,0,0,0,0,1,"['Cream Formula', 'Matte Finish', 'Long-wearing', 'Full Coverage']",Makeup,Lip,Lipstick,5,45,45
P456967,Silk Cream Lipstick,6242,Artist Couture,23753,3.9184,49,0.16 oz/ 4.5 g,Color,Saucy Gal,neutral beige,"['Pentaerythrityl Tetraisostearate, C12-15 Alkyl Benzoate, Polyethylene, Octyldodecanol, Isocetyl Stearate, Silica, Caprylic/Capric Triglyceride, Dimethicone, VP/Eicosene Copolymer, Synthetic Wax, Cellulose, Lecithin, Stearalkonium Bentonite,Hydrogenated Lecithin, Ethylhexylglycerin, Propylene Carbonate, Fragrance/Parfum, Barium Sulfate, Jojoba Esters,Benzyl Alcohol, Linalool,Tocopherol, Limonene, Geraniol, Citral, Isoeugenol (+/-) Titanium Dioxide CI 77891, Iron Oxides CI 77492, Iron Oxides CI 77491, Iron Oxides CI 77499, Mica CI 77019.']",18,0,0,0,0,0,"['Vegan', 'Cream Formula', 'Satin Finish', 'Long-wearing', 'Without Parabens']",Makeup,Lip,Lipstick,1,18,18
P451642,Plush Pout Lip Gloss,6242,Artist Couture,12581,4.4222,45,.22 oz/ 6.4 mL,Color,Uncensored 2.0,warm nude,"['Polybutene, Hydrogenated Polyisobutene, Isostearyl Isostearate, Polyglyceryl-2 Tetraisostearate, Hydrogenated Styrene/Methyl Styrene/Indene Copolymer, Synthetic Beeswax, Caprylic/Capric Triglyceride, Mica, Stearalkonium Bentonite, Ethylhexyl Palmitate, Menthone Glycerin Acetal, Dicalcium Phosphate, Propylene Carbonate, Tribehenin, Pentaerythrityl Tetra-di-t-butyl Hydroxyhydrocinnamate, Flavor (Aroma), Ricinus Communis (Castor) Seed Oil [Ricinus Communis Oil], Sorbitan Isostearate, Sodium Hyaluronate, Lactic Acid, Hydrogenated Castor Oil, Palmitoyl Tripeptide-1, Tocopherol, Titanium Dioxide (CI 77891), Iron Oxides (CI 77492), Blue 1 Lake (CI 42090), Red 7 Lake (CI 15850).']",18,0,0,0,0,1,"['Cream Formula', 'High Shine Finish', 'Vegan', 'Plumping', 'Long-wearing']",Makeup,Lip,Lip Gloss,1,18,18
P479301,Stay Lit Liquid Eyeshadows,6242,Artist Couture,6040,4,11,10 oz/ 3 g,Color,Hennything Goes,metallic rich chocolate,"['Water, Synthetic Fluorophlogopite, Mica, PEG-40 Hydrogenated Castor Oil, Dimethicone, Butylene Glycol, Glycerin, Polymethylsilsesquioxane, Acrylates/C10-30 Alkyl Acrylate Crosspolymer, Aminomethyl Propanediol, Sodium Dehydroacetate, Caprylyl Glycol, Ethylhexylglycerin, Polysilicone-11, Tin Oxide, Tocopherol, [+/- (May Contain): Iron Oxides (CI 77491, CI 77492, CI 77499), Titanium Dioxide (CI 77891)].']",22,1,0,1,0,1,"['Vegan', 'Metallic Finish', 'Long-wearing', 'Without Phthalates', 'Without Parabens', 'Cruelty-Free']",Makeup,Eye,Eyeshadow,4,22,22
P472308,Multi Use Beauty Setting Powder,6242,Artist Couture,4179,4.4,15,0.24 oz/ 7g,Color,Honey Suede,"medium, golden undertone","['Talc, Polyethylene, Nylon-12, Phenyl Trimethicone, Sodium Dehydroacetate, Phenoxyethanol, Sorbic Acid, Sodium Hyaluronate. May Contain/Peut Contenir (+/-):Mica CI 77019, Titanium Dioxide CI 77891, Iron Oxides (CI 77491, CI 77492, CI 77499), Ultramarines CI 77007, Manganese Violet CI 77742, Yellow 5 Lake CI 19140.']",34,0,0,1,0,1,"['Light Coverage', 'Vegan', 'Pressed Powder Formula', 'Natural Finish', 'Best for Oily, Combo, Normal Skin']",Makeup,Face,Setting Spray & Powder,2,34,34
P61004,Mineral Veil Talc Free Setting Powder,5737,bareMinerals,117617,4.5216,5984,0.3 oz/ 8.5 g,Color,Illuminating Mineral Veil,completely sheer with luminous finish,"['Zea Mays (Corn Starch), Corn Starch Modified, Zinc Stearate, Magnesium Stearate. May Contain: Mica, Titanium Dioxide (CI 77891), Iron Oxides (CI 77491, CI 77492, CI 77499).']",33,0,0,0,0,0,"['Loose Powder Formula', 'Without Parabens', 'Without Phthalates', 'Vegan', 'Clean at Sephora']",Makeup,Face,Setting Spray & Powder,2,33,20
P410543,BAREPRO 16-HR Skin-Perfecting Powder Foundation,5737,bareMinerals,89419,4.0679,427,0.2 oz/ 8g,Color,Medium 35 Warm,for medium-tan warm skin with a golden hue,"['Synthetic Fluorphlogopite, Mica, Caprylic/Capric Triglyceride, Zinc Oxide, Diphenyl Dimethicone/Vinyl Diphenyl Dimethicone/Silsesquioxane Crosspolymer, Zinc Myristate, Dimethicone, Silica, Dimethicone Crosspolymer, Boron Nitride, Theobroma Cacao (Cocoa) Seed Butter, Diphenylsiloxy Phenyl Trimethicone, Crithmum Maritimum Extract, Vitis Vinifera (Grape) Juice Extract, Glycyrrhiza Glabra (Licorice) Root Extract, Ananas Sativus (Pineapple) Fruit Extract, Butyrospermum Parkii (Shea) Butter, Squalane, Paeonia Albiflora Root Extract, Hydrogen Dimethicone, Tocopheryl Acetate, Quercetin, Polysilicone-2, Aluminum Hydroxide, Polysorbate 80, Methicone, Sorbitan Sesquiisostearate, Calcium Silicate, Ethylhexylglycerin, Tocopherol, Water (Aqua/Eau), Butylene Glycol, Lauroyl Lysine, Benzoic Acid, Phenoxyethanol, Chlorphenesin. May Contain/Peut Contenir (+/-): Titanium Dioxide (Ci 77891), Iron Oxides (Ci 77491, Ci 77492, Ci 77499).']",38,0,0,0,0,0,"['Vegan', 'Pressed Powder Formula', 'Clean at Sephora', 'Matte Finish', 'Long-wearing', 'Full Coverage']",Makeup,Face,Foundation,34,38,38
P61005,Warmth All-Over Face Color Loose Bronzer,5737,bareMinerals,64159,4.5866,3411,0.03 oz/ 0.85 g,Color,Warmth,healthy/ sun-kissed glow - chestnut,"['Mica (CI 77019), Bismuth Oxychloride (CI 77163), Titanium Dioxide (CI 77891), Iron Oxides (CI 77499, CI 77492, CI 77491), Ultramarines (CI 77007), Kaolin, Carmine (CI 75470).']",25,0,0,0,0,0,"['Loose Powder Formula', 'Radiant Finish', 'Vegan', 'Without Parabens', 'Without Sulfates SLS & SLES', 'Without Silicones', 'Clean at Sephora']",Makeup,Face,Setting Spray & Powder,1,25,25
P469839,Gen Nude Blonzer Blush + Bronzer,5737,bareMinerals,39865,4.543,256,0.13 oz/ 3.8 g,Color,Kiss of Pink,warm pink,"['Mica, Caprylic/Capric Triglyceride, Bis-Diglyceryl Polyacyladipate-2, Diisostearyl Malate, Microcrystalline Cellulose, Phenyl Trimethicone, Dimethicone, Caffeine, Cucumis Sativus (Cucumber) Fruit Extract, Borago Officinalis Seed Oil, Boron Nitride, Silica, Dimethicone/Vinyl Dimethicone Crosspolymer, Ethylhexylglycerin, Caprylyl Glycol, Calcium Aluminum Borosilicate, Tin Oxide, Calcium Sodium Borosilicate, Synthetic Fluorphlogopite, Sodium Dehydroacetate. May Contain/Peut Contenir (+/-): Titanium Dioxide (Ci 77891), Iron Oxides (Ci 77491, Ci 77492, Ci 77499), Manganese Violet (Ci 77742), Red 7 Lake (Ci 15850).']",26,0,0,0,0,0,"['Vegan', 'Pressed Powder Formula', 'Clean at Sephora', 'Fragrance Free', 'Gluten Free']",Makeup,Cheek,Bronzer,2,26,26
P455324,Mineralist Hydra-Smoothing Lipstick,5737,bareMinerals,39520,4.4602,1873,0.12 oz/ 3.6 g,Color,Grace,nude pink,"['Ricinus Communis (Castor) Seed Oil, Diisostearyl Malate, Ethylhexyl Olivate, Octyldodecanol, Oryza Sativa (Rice) Bran Wax, Euphorbia Cerifera (Candelilla) Wax (Candelilla Cera/Cire De Candelilla), Silica, Butyrospermum Parkii (Shea) Butter, Polyglyceryl-2 Triisostearate, Simmondsia Chinensis (Jojoba) Seed Oil, Flavor (Aroma), Hippophae Rhamnoides Oil, Punica Granatum Flower Extract, Glyceryl Behenate, Polyester-1, Silica Dimethyl Silylate, Squalane, Tocopherol, Linalool. May Contain/Peut Contenir (+/-): Titanium Dioxide (Ci 77891), Mica, Iron Oxides (Ci 77491, Ci 77492, Ci 77499), Blue 1 Lake (Ci 42090), Red 6 (Ci 15850), Red 7 Lake (Ci 15850), Red 28 Lake (Ci 45410), Yellow 5 Lake (Ci 19140), Yellow 6 Lake (Ci 15985).']",22,0,0,0,0,0,"['Satin Finish', 'Hydrating', 'Vegan', 'Without Parabens', 'Without Sulfates SLS & SLES', 'Without Silicones', 'Clean at Sephora']",Makeup,Lip,Lipstick,11,22,22
P427652,Gen Nude Powder Blush,5737,bareMinerals,31318,4.6062,193,0.21 oz/ 3.7 mL,Color,Pink Me Up,medium nude pink with gold pearl,"['Synthetic Fluorphlogopite, Diisostearyl Malate, Dipentaerythrityl Hexahydroxystearate, Vinyl Dimethicone/Methicone Silsesquioxane Crosspolymer, Lauroyl Lysine, Triethylhexanoin, Sorbitan Sesquiisostearate, Hydrogen Dimethicone, Dimethicone, Tocopherol, Barium Sulfate, Silica, Alumina, Tin Oxide, Chlorphenesin. May Contain (+/-): Mica, Carmine (Ci 75470), Titanium Dioxide (Ci 77891), Iron Oxides (Ci 77491, Ci 77492, Ci 77499), Red 7 Lake (Ci 15850).']",26,0,0,0,0,0,"['Vegan', 'Pressed Powder Formula', 'Natural Finish', 'Clean at Sephora', 'Without Parabens', 'Without Silicones', 'Without Sulfates SLS & SLES']",Makeup,Cheek,Blush,3,26,26
P469847,Mineralist Lip Gloss Balm,5737,bareMinerals,29479,4.6178,225,0.13 oz/ 4 mL,Color,Serenity,nude pink,"['Diisostearyl Malate, Phenyl Dimethicone, Triisostearyl Citrate, Glyceryl Behenate, Helianthus Annuus (Sunflower) Seed Wax, Simmondsia Chinensis (Jojoba) Seed Oil, Punica Granatum Flower Extract, Hippophae Rhamnoides Oil, Prunus Domestica Seed Oil, Ascorbyl Palmitate, Tocopherol, Silica Dimethyl Silylate, Calcium Stearate, Polyglyceryl-2 Triisostearate, Flavor (Aroma), Linalool. May contain/peut contenir (+/-): Mica, Titanium Dioxide (Ci 77891), Iron Oxides (Ci 77491, Ci 77492, Ci 77499), Blue 1 Lake (Ci 42090), Red 7 Lake (Ci 15850), Red 28 Lake (Ci 45410), Yellow 5 Lake (Ci 19140).']",22,0,0,0,0,0,"['Vegan', 'High Shine Finish', 'Hydrating', 'Clean at Sephora']",Makeup,Lip,Lip Gloss,7,22,22
P470512,Original Liquid Mineral Concealer,5737,bareMinerals,15997,4.3244,706,0.2 oz / 6 mL,Color,Very Fair 0.5C,for very fair cool skin with pink undertones,"['Water (Aqua/Eau), Tetradecane, Glycerin, Hydrogenated Polydecene, Polyglyceryl-3 Diisostearate, Propanediol, Decyl Isostearate, Isostearyl Isostearate, Lauroyl Lysine, Sorbitan Sesquiisostearate, Magnesium Stearate, Disteardimonium Hectorite, Isostearic Acid, Nymphaea Alba Flower Extract, Ethylhexylglycerin, Methyl Methacrylate Crosspolymer, Silica, Trisodium Edta, Phenoxyethanol. May Contain/Peut Contenir(+/-): Mica, Titanium Dioxide (Ci 77891), Iron Oxides (Ci 77491, Ci 77492, Ci 77499).']",28,0,0,0,0,0,"['Vegan', 'Natural Finish', 'Liquid Formula', 'Good for: Dark Circles', 'Medium Coverage', 'Cruelty-Free']",Makeup,Face,Concealer,19,28,28
P473848,Original Mineral Veil Pressed Setting Powder,5737,bareMinerals,13414,4.4453,869,0.3 oz/ 9 g,Color,Translucent,for all skin tones,"['Mica, Silica, Diisostearyl Malate, Magnesium Myristate, Caprylic/Capric Triglyceride, Theobroma Cacao (Cocoa) Seed Butter, Butyrospermum Parkii (Shea) Butter, Tocopheryl Acetate, Quercetin, Chlorphenesin.']",33,0,0,0,0,0,"['Pressed Powder Formula', 'Matte Finish', 'Good for: Pores', 'Best for Oily, Combo, Normal Skin', 'Vegan', 'Clean at Sephora']",Makeup,Face,Setting Spray & Powder,1,33,33
P473842,MINERALIST Lasting Eyeliner,5737,bareMinerals,8893,4.4298,228,0.012 oz/ 0.35 g,Color,Topaz,matte rich brown,"['Isododecane, Polyethylene, Synthetic Wax, Ethylene/Propylene Copolymer, Bis-Diglyceryl Polyacyladipate-2, Hydrogenated Polydicyclopentadiene, Polybutene, Aloe Barbadensis Leaf Extract, Carthamus Tinctorius (Safflower) Seed Oil, Persea Gratissima (Avocado) Oil, Phytosterols, Olea Europaea (Olive) Fruit Oil, Tocopheryl Acetate, Ascorbyl Palmitate, Octyldodecanol, Pentaerythrityl Tetra-Di-T-Butyl Hydroxyhydrocinnamate, Calcium Sodium Borosilicate, Silica, Tin Oxide, Synthetic Fluorphlogopite, Sorbitan Oleate. May Contain/Peut Contenir (+/-): Mica, Titanium Dioxide (Ci 77891), Iron Oxides (Ci 77491, Ci 77492, Ci 77499), Copper Powder (Ci 77400), Ferric Ammonium Ferrocyanide (Ci 77510).']",21,0,0,0,0,0,"['Vegan', 'Clean at Sephora', 'Long-wearing', 'Waterproof', 'Without Silicones', 'Cruelty-Free']",Makeup,Eye,Eyeliner,1,21,21
P158509,Faux Tan Bronzer,5737,bareMinerals,947,4.526,192,0.03 oz/ 0.85 g,Color,Faux Tan,sunlit bronze,"['Mica (CI 77019), Bismuth Oxychloride (CI 77163), Titanium Dioxide (CI 77891), Iron Oxides (CI 77499, CI 77492, CI 77491), Ultramarines (CI 77007), Kaolin, Carmine (CI 75470).']",25,0,0,0,0,0,"['Vegan', 'Loose Powder Formula', 'Radiant Finish', 'Clean at Sephora', 'Without Parabens', 'Without Silicones', 'Without Sulfates SLS & SLES']",Makeup,Cheek,Bronzer,0,,
P433987,Bounce Liquid Whip Long Wear Foundation,5938,beautyblender,126259,4.074,3042,1 oz / 30 mL,Color,1.00C Light Ivory,very light with cool undertones,"['Water/Aqua/Eau, Cyclopentasiloxane, Caprylyl Methicone, Cetyl PEG/PPG-10/1 Dimethicone, Aluminum Starch Octenylsuccinate, Talc, Sodium Chloride, Sodium Hyaluronate, Glycerin, Betula Alba Leaf Extract, Methicone Propylene Carbonate, Methyl Methacrylate Crosspolymer, Disteardimonium Hectorite, Disodium EDTA, Sodium Dehydroacetate, Phenoxyethanol, Potassium Sorbate, Glucuronic Acid, Pentaerythrityl Tetra-di-t-butyl Hydroxyhydrocinnamate. May Contain (+/-): Titanium Dioxide (CI 77891), Iron Oxides (CI 77491/CI 77492/CI 77499), Ultramarines (CI 77007).']",29,0,0,0,0,1,"['Vegan', 'Natural Finish', 'Liquid Formula', 'Full Coverage', 'Best for Oily, Combo, Normal Skin', 'Cruelty-Free']",Makeup,Face,Foundation,39,29,29
P477136,BOUNCE Always On Radiant Skin Tint,5938,beautyblender,36435,4.5068,959,1 oz/ 30mL,Color,Light 1,fair skin tones with neutral undertones,"['Eau/Aqua/Water, Methyl Trimethicone, Caprylic/Capric Triglyceride, Dimethicone, Cetyl Peg/PPG-10/1 Dimethicone, Ethylhexyl Palmitate, Phenyl Trimethicone, Lauryl PEG-10 Tris(Trimethylsiloxy)Silylethyl Dimethicone, Isodecyl Neopentanoate, Glycerin, Benzyl Alcohol, Sorbitol, Disteardimonium Hectorite, Sodium Chloride, Aluminum Hydroxide, Tocopheryl Acetate, Disodium EDTA, Sodium Lauroyl Glutamate, Niacinamide, Dehydroacetic Acid, Sodium Carboxymethyl Beta - Glucan, Lysine, Magnesium Chloride, Polyglyceryl-10 Oleate, Apricot Kernel Oil Polyglyceryl-6 Esters, Sodium Hyaluronate, Sorbitan Palmitate, Honokiol, Magnolol, Salix Alba Bark Extract/Salix Alba (Willow) Bark Extract, Tocopherol. May contain (+/-) | Peut Contenir: Titanium Dioxide (CI 77891) / Iron Oxides (CI 77492, CI 77499, CI 77491).']",29,0,0,0,0,1,"['Liquid Formula', 'Long-wearing', 'Light Coverage', 'Natural Finish', 'Hyaluronic Acid', 'Best for Combination Skin']",Makeup,Face,Foundation,19,29,29
P455325,BOUNCE Airbrush Liquid Whip Concealer,5938,beautyblender,25725,4.1948,878,0.27 oz/ 8 mL,Color,1.50 C Light Beige,,"['Aqua/Water/Eau, Dimethicone, Trimethylsiloxysilicate, Caprylic/Capric Triglyceride, Cetyl Dimethicone, Cetyl Diglyceryl Tris(Trimethylsiloxy)silylethyl Dimethicone, Stearic Acid, Glycerin, Glyceryl Stearate, Olus Oil/Vegetable Oil/Huile végétale Oryza Sativa (Rice) Bran Oil, Helianthus Annuus (Sunflower) Seed Oil, Oryza Sativa (Rice) Bran Wax, Rhus Succedanea Fruit Wax, Tocopheryl Acetate, Tocopherol, Tetrahexyldecyl Ascorbate, Hydrogenated Polyisobutene, Disteardimonium Hectorite, Kaolin, Cetyl Alcohol, Silica Dimethyl, Silylate Boron Nitride, Acetyl Tetrapeptide-5, Aluminum Dimyristate, Stearyl Alcohol, Disodium Stearoyl Glutamate, Phytantriol, Butylene Glycol, Sodium Chloride, Triethoxycaprylylsilane, Ethylhexylglycerin, Sodium Hyaluronate, Potassium Sorbate, Caprylyl Glycol, Phenoxyethanol. May Contain: Titanium Dioxide (CI 77891), Iron Oxides (CI 77492), Iron Oxides (CI 77491), Iron Oxides (CI 77499).']",26,0,0,0,1,1,"['Vegan', 'Natural Finish', 'Liquid Formula', 'Hydrating', 'Long-wearing', 'Full Coverage']",Makeup,Face,Concealer,3,26,6
P475051,Bounce Liquid Whip Cream Blush,5938,beautyblender,8726,4.4324,858,0.14 oz/ 4.1 g,Color,Cheeky Pink,soft baby pink with pearl,"['Dimethicone, Isononyl Isononanoate, Cetearyl Isononanoate, Trimethylsiloxyphenyl Dimethicone, Mica, Polyethylene, Lauryl Dimethicone, Dicalcium Phosphate, Silica, Nylon-12, Polymethyl Methacrylate, Dimethicone/Divinyldimethicone/Silsesquioxane Crosspolymer, Pentaerythrityl Tetra-Di-T-Butyl Hydroxyhydrocinnamate, Water (Aqua), Ascorbyl Palmitate, Tourmaline, Ricinus Communis (Castor) Seed Oil [Ricinus Communis Oil], Sodium Hyaluronate, Hydrogenated Castor Oil, Calcium Aluminum Borosilicate, Tin Oxide. May Contain: Titanium Dioxide (Ci 77891), Iron Oxides (Ci 77491, Ci 77492), Blue 1 Lake (Ci 42090), Yellow 5 Lake (Ci 19140), Red 6, Red 7 Lake (Ci 15850).']",22,0,0,0,0,1,"['Cream Formula', 'Natural Finish', 'Hyaluronic Acid', 'Vegan', 'Without Parabens', 'Without Sulfates SLS & SLES']",Makeup,Cheek,Blush,3,22,22
P471744,Blendercleanser Liquid Charcoal Unscented Sponge & Brush Cleanser,5938,beautyblender,4457,2.8333,12,3 oz/ 88 mL,,,,"['Water/Eau/Aqua, Myristic Acid, Glycerin, Potassium Hydroxide, Palmitic Acid, Lauramidopropyl Hydroxysultaine, Sodium Methyl Cocoyl Taurate, Benzyl Alcohol, Sodium Cocoyl Glycinate, Cocoyl Methyl Glucamide, Disodium EDTA, Ethylhexylglycerin, Charcoal Powder, Sodium Chloride, Sorbic Acid.']",15,0,0,0,0,0,"['Vegan', 'Without Sulfates SLS & SLES', 'Without Parabens', 'Without Phthalates']",Makeup,Accessories,Makeup Removers,0,,
P470004,BOUNCE  Soft Focus Gemstone Setting Powder,5938,beautyblender,2963,4.2329,644,0.35 oz/ 10 mL,Color,Chocolate,deep range,"['Mica, Polymethylsilsesquioxane, Zea Mays (Corn) Starch, Caprylyl Glocol, Ethylhexylglycerin, Aloe Barbadensis Leaf Extract (Aloe Barbadensis Extract), Quartz, Ruby Powder, Smithsonite Extract, Tourmaline, Sodium Hyaluronate, Water (Aqua Eau), Glycerin, Hydrolyzed Pearl, Sea Salt (Maris Sal), Phenoxyethanol.']",32,0,0,0,0,1,"['Loose Powder Formula', 'Light Coverage', 'Best for Oily Skin', 'Hyaluronic Acid']",Makeup,Face,Setting Spray & Powder,4,32,32
P290636,Hoola Bronzer,5333,Benefit Cosmetics,380654,4.4756,3278,0.28 oz / 8 g,Color,Hoola,matte bronzer,"['Talc, Iron Oxides (Ci77491, Ci77492, Ci77499), Zinc Stearate, Ethylhexyl Palmitate, Titanium Dioxide (Ci77891), Dimethicone, Manganese Violet (Ci77742), Methylparaben, Sodium Dehydroacetate, Boron Nitride, Propylparaben, Butylparaben.']",35,0,0,0,0,0,"['allure 2020 Best of Beauty Award Winner', 'Pressed Powder Formula', 'Matte Finish']",Makeup,Cheek,Bronzer,4,35,18
P409239,Gimme Brow+ Tinted Volumizing Eyebrow Gel,5333,Benefit Cosmetics,292562,4.3919,5170,0.1 oz/ 3 g,Color,4,warm deep brown,"['Water, Mica, Glyceryl Stearate, Pentylene Glycol, Polypropylene, Magnesium Aluminum Silicate, PEG-100 Stearate, Phenoxyethanol, Polyacrylamide, C13-14 Isoparaffin, Laureth-7, Panthenol, Glycerin, Althaea Officinalis Root Extract, Silica, Citric Acid, Potassium Sorbate, Sodium Benzoate. May Contain (+/-): Yellow 5/Yellow 5 Lake (Ci 19140), Blue 1 Lake (Ci 42090), Ultramarines (Ci 77007), Bismuth Oxychloride (Ci 77163), Chromium Oxide Greens (Ci 77288), Chromium Hydroxide Green (Ci 77289), Iron Oxides (Ci 77491, Ci 77492, Ci 77499), Ferric Ferrocyanide/Ferric Ammonium Ferrocyanide (Ci 77510), Manganese Violet (Ci 77742), Titanium Dioxide (Ci 77891).']",26,0,0,0,0,0,"['Natural Finish', 'Community Favorite', 'Long-wearing']",Makeup,Eye,Eyebrow,25,40,15
P408219,"Precisely, My Brow Pencil Waterproof Eyebrow Definer",5333,Benefit Cosmetics,278187,4.5425,5169,0.002 oz/ 0.08 g,Color,Shade 3.5,neutral medium brown,"['Stearic Acid, Rhus Succedanea Fruit Wax, Talc, Hydrogenated Castor Oil, Paraffinum Liquidum (Mineral Oil), Cera Microcristallina (Microcrystalline Wax), Cera Alba (Beeswax), Hydrogenated Coconut Oil, Hydrogenated Palm Kernel Oil, Hydrogenated Palm Oil, Aluminum Hydroxide, Tocopherol, Lecithin, Bht. May Contain (+/-): Yellow 5/Yellow 5 Lake (Ci 19140), Blue 1 Lake (Ci 42090), Ultramarines (Ci 77007), Bismuth Oxychloride (Ci 77163), Chromium Oxide Greens (Ci 77288), Chromium Hydroxide Green (Ci 77289), Iron Oxides (Ci 77491, Ci 77492, Ci 77499), Ferric Ferrocyanide/Ferric Ammonium Ferrocyanide (Ci 77510), Manganese Violet (Ci 77742), Titanium Dioxide (Ci 77891).']",25,0,0,0,0,0,"['Community Favorite', 'Long-wearing', 'Waterproof']",Makeup,Eye,Eyebrow,23,25,15
P1272,Benetint Liquid Lip Blush & Cheek Tint,5333,Benefit Cosmetics,166261,4.1869,3675,0.2 oz / 6 g,Color,Benetint,rose tinted lip & cheek stain,"['Water (Aqua), Polysorbate 20, Phenoxyethanol, Sodium Hydroxide, Carmine (Ci 75470), Methylparaben, Fragrance (Parfum), Tetrasodium Edta, Geraniol, Linalool, Hexyl Cinnamal, Citronellol, Maltodextrin, Benzyl Salicylate, Bht.']",21,0,0,0,0,0,"['Natural Finish', 'Long-wearing']",Makeup,Cheek,Blush,5,33,21
P408218,Goof Proof Waterproof Easy Shape & Fill Eyebrow Pencil,5333,Benefit Cosmetics,137430,4.3355,1711,0.01 oz/ 0.34 g,Color,3.75,warm medium brown,"['Synthetic Fluorphlogopite, Stearic Acid, Hydrogenated Castor Oil, Synthetic Japan Wax, Ethylhexyl Palmitate, Cera Alba (Beeswax), Sorbitan Sesquiisostearate, Aluminum Hydroxide, Tocopherol. May Contain (+/-): Yellow 5/Yellow 5 Lake (Ci 19140), Blue 1 Lake (Ci 42090), Ultramarines (Ci 77007), Bismuth Oxychloride (Ci 77163), Chromium Oxide Greens (Ci 77288), Chromium Hydroxide Green (Ci 77289), Iron Oxides (Ci 77491, Ci 77492, Ci 77499), Ferric Ferrocyanide/Ferric Ammonium Ferrocyanide (Ci 77510), Manganese Violet (Ci 77742), Titanium Dioxide (Ci 77891).']",25,0,0,0,0,0,,Makeup,Eye,Eyebrow,14,25,15
P440700,Mini Gimme Brow+ Tinted Volumizing Eyebrow Gel,5333,Benefit Cosmetics,121605,4.0832,661,,Color,1,cool light blonde,"['Water, Mica, Glyceryl Stearate, Polypropylene, Magnesium Aluminum Silicate, Peg-100 Stearate, Polyacrylamide, Phenethyl Alcohol, C13-14 Isoparaffin, Glyceryl Caprylate, Laureth-7, Panthenol, Glycerin, Silica, Althaea Officinalis Root Extract, Citric Acid, Potassium Sorbate, Sodium Benzoate. May Contain (+/-): Yellow 5/Yellow 5 Lake (Ci 19140), Blue 1 Lake (Ci 42090), Aluminum Powder (Ci 77000), Ultramarines (Ci 77007), Bismuth Oxychloride (Ci 77163), Chromium Oxide Greens (Ci 77288), Chromium Hydroxide Green (Ci 77289), Iron Oxides (Ci 77491, Ci 77492, Ci 77499), Ferric Ferrocyanide/Ferric Ammonium Ferrocyanide (Ci 77510), Manganese Violet (Ci 77742), Titanium Dioxide (Ci 77891).']",15,0,0,0,0,0,"['Natural Finish', 'Community Favorite', 'Long-wearing']",Makeup,Eye,Eyebrow,9,15,15
P409242,24-HR Brow Setter Clear Brow Gel with Lamination Effect,5333,Benefit Cosmetics,95926,4.3455,1583,0.23 oz/ 7 mL,Size,0.23 oz/ 7 mL,,"['Aqua (Water), Alcohol, Acrylates Copolymer, Amp-Acrylates Copolymer, Hydroxyethylcellulose, Phenoxyethanol, PEG-12 Dimethicone, Caprylyl Glycol, Panthenol, Butylene Glycol, Gossypium Herbaceum (Cotton) Extract.']",26,0,0,0,0,0,"['Natural Finish', 'Long-wearing']",Makeup,Eye,Eyebrow,1,15,15
P38347,Dandelion Baby-Pink Blush,5333,Benefit Cosmetics,83967,4.4718,1933,0.08 oz / 2.5 g,Color,Mini,baby-pink brightening,"['Talc, Mica, Calcium Aluminum Borosilicate, Polyethylene, Magnesium Myristate, Pentaerythrityl Tetraethylhexanoate, Zinc Stearate, Octyldodecyl Stearoyl Stearate, Silica, Isopropyl Titanium Triisostearate, Phenoxyethanol, Bis-Diglyceryl Polyacyladipate-2, Squalane, Parfum (Fragrance), Lecithin, Sodium Dehydroacetate, Sodium Lauroyl Aspartate, Tocopheryl Acetate, Tocopherol, Glycine Soja (Soybean) Oil, Limonene, Bht, Retinyl Palmitate, Zinc Chloride, Linalool, Aluminum Hydroxide, Aqua (Water), Hexyl Cinnamal, Benzyl Salicylate, Citronellol, Citral, Eugenol. [+/- : Ci 15850 (Red 6, Red 7, Red 7 Lake), Ci 15985 (Yellow 6, Yellow 6 Lake), Ci 19140 (Yellow 5, Yellow 5 Lake), Ci 42090 (Blue 1 Lake), Ci 45410 (Red 27, Red 27 Lake, Red 28 Lake), Ci 73360 (Red 30, Red 30 Lake), Ci 75470 (Carmine), Ci 77007 (Ultramarines), Ci 77163 (Bismuth Oxychloride), Ci 77288 (Chromium Oxide Greens), Ci 77289 (Chromium Hydroxide Green), Ci 77491, Ci 77492, Ci 77499 (Iron Oxides), Ci 77510 (Ferric Ferrocyanide, Ferric Ammonium Ferrocyanide), Ci 77742 (Manganese Violet), Ci 77891 (Titanium Dioxide)].']",18,0,0,0,0,0,"['Pressed Powder Formula', 'Satin Finish', 'Long-wearing']",Makeup,Cheek,Blush,1,31,31
P500253,WANDERful World Silky-Soft Powder Blush,5333,Benefit Cosmetics,77016,4.6492,2161,0.21 oz / 6 g,Color,Willa,soft neutralrose,"['Peachin', 'Synthetic Fluorphlogopite, Mica, Zinc Stearate, Lauryl Dimethicone, Pentaerythrityl Tetraisostearate, Alumina, Vinyl Dimethicone/Methicone Silsesquioxane Crosspolymer, Dimethicone/Vinyl Dimethicone Crosspolymer, Caprylyl Glycol, Ethylhexylglycerin, Dehydroacetic Acid, Parfum (Fragrance), Triethoxycaprylylsilane, Pearl Powder, Stearic Acid, Laureth-4, Aqua (Water), Tocopherol.  [+/- Ci 77891 (Titanium Dioxide), Ci 19140 (Yellow 5 Lake), Ci 77491, Ci 77499 (Iron Oxides), Ci 77007 (Ultramarines), Ci 15850 (Red 7 Lake), Ci 75470 (Carmine)].', 'N° 16134 Starlaa', 'Synthetic Fluorphlogopite, Mica, Zinc Stearate, Lauryl Dimethicone, Pentaerythrityl Tetraisostearate, Alumina, Vinyl Dimethicone/Methicone Silsesquioxane Crosspolymer, Dimethicone/Vinyl Dimethicone Crosspolymer, Caprylyl Glycol, Ethylhexylglycerin, Dehydroacetic Acid, Parfum (Fragrance), Triethoxycaprylylsilane, Pearl Powder, Stearic Acid, Laureth-4, Aqua (Water), Tocopherol.  [+/- Ci 77491, Ci 77492, Ci 77499 (Iron Oxides), Ci 77891 (Titanium Dioxide)].', 'N° 16135 Pompom', 'Synthetic Fluorphlogopite, Zinc Stearate, Lauryl Dimethicone, Dimethicone/Vinyl Dimethicone Crosspolymer, Pentaerythrityl Tetraisostearate, Mica, Alumina, Caprylyl Glycol, Ethylhexylglycerin, Dehydroacetic Acid, Triethoxycaprylylsilane, Parfum (Fragrance), Laureth-4, Pearl Powder, Stearic Acid, Aqua (Water), Vinyl Dimethicone/Methicone Silsesquioxane Crosspolymer, Tocopherol, Pentaerythrityl Tetra-Di-T-Butyl Hydroxyhydrocinnamate.  [+/- Ci 77491, Ci 77492, Ci 77499 (Iron Oxides), Ci 15850 (Red 7 Lake), Ci 77891 (Titanium Dioxide), Ci 77007 (Ultramarines), Ci 42090 (Blue 1 Lake)].', 'N° 16142 Sunny', 'Synthetic Fluorphlogopite, Zinc Stearate, Lauryl Dimethicone, Dimethicone/Vinyl Dimethicone Crosspolymer, Pentaerythrityl Tetraisostearate, Alumina, Mica, Caprylyl Glycol, Ethylhexylglycerin, Triethoxycaprylylsilane, Dehydroacetic Acid, Parfum (Fragrance), Laureth-4, Pearl Powder, Stearic Acid, Aqua (Water), Vinyl Dimethicone/Methicone Silsesquioxane Crosspolymer, Tocopherol, Pentaerythrityl Tetra-Di-T-Butyl Hydroxyhydrocinnamate.  [+/- Ci 77891 (Titanium Dioxide), Ci 77491, Ci 77492 (Iron Oxides), Ci 15850 (Red 7 Lake)].', 'N° 16143 Shellie', 'Synthetic Fluorphlogopite, Mica, Zinc Stearate, Lauryl Dimethicone, Pentaerythrityl Tetraisostearate, Alumina, Vinyl Dimethicone/Methicone Silsesquioxane Crosspolymer, Dimethicone/Vinyl Dimethicone Crosspolymer, Caprylyl Glycol, Ethylhexylglycerin, Dehydroacetic Acid, Parfum (Fragrance), Triethoxycaprylylsilane, Pearl Powder, Stearic Acid, Laureth-4, Aqua (Water), Tocopherol.  [+/- Ci 77891 (Titanium Dioxide), Ci 77491, Ci 77499 (Iron Oxides), Ci 45410 (Red 28 Lake), Ci 15850 (Red 6)].', 'N° 16136 Willa', 'Synthetic Fluorphlogopite, Mica, Zinc Stearate, Lauryl Dimethicone, Pentaerythrityl Tetraisostearate, Alumina, Vinyl Dimethicone/Methicone Silsesquioxane Crosspolymer, Dimethicone/Vinyl Dimethicone Crosspolymer, Caprylyl Glycol, Ethylhexylglycerin, Dehydroacetic Acid, Triethoxycaprylylsilane, Parfum (Fragrance), Pearl Powder, Stearic Acid, Laureth-4, Aqua (Water), Tocopherol.  [+/- Ci 77891 (Titanium Dioxide), Ci 77491, Ci 77492, Ci 77499 (Iron Oxides), Ci 77007 (Ultramarines), Ci 15850 (Red 6, Red 7 Lake)].', 'N° 16137 Java', 'Synthetic Fluorphlogopite, Zinc Stearate, Lauryl Dimethicone, Dimethicone/Vinyl Dimethicone Crosspolymer, Pentaerythrityl Tetraisostearate, Alumina, Caprylyl Glycol, Ethylhexylglycerin, Dehydroacetic Acid, Triethoxycaprylylsilane, Parfum (Fragrance), Laureth-4, Mica, Pearl Powder, Stearic Acid, Aqua (Water), Vinyl Dimethicone/Methicone Silsesquioxane Crosspolymer, Tocopherol.  [+/- Ci 77491, Ci 77492, Ci 77499 (Iron Oxides), Ci 15850 (Red 7 Lake), Ci 77891 (Titanium Dioxide)].', 'N° 16144 Moone', 'Synthetic Fluorphlogopite, Zinc Stearate, Mica, Lauryl Dimethicone, Pentaerythrityl Tetraisostearate, Alumina, Silica, Vinyl Dimethicone/Methicone Silsesquioxane Crosspolymer, Dimethicone/Vinyl Dimethicone Crosspolymer, Caprylyl Glycol, Ethylhexylglycerin, Dehydroacetic Acid, Parfum (Fragrance), Triethoxycaprylylsilane, Pearl Powder, Stearic Acid, Laureth-4, Aqua (Water), Tocopherol.  [+/- Ci 77491, Ci 77499 (Iron Oxides), Ci 77007 (Ultramarines), Ci 15850 (Red 7 Lake)].', 'N° 16138 Butterfly', 'Synthetic Fluorphlogopite, Zinc Stearate, Mica, Lauryl Dimethicone, Pentaerythrityl Tetraisostearate, Alumina, Vinyl Dimethicone/Methicone Silsesquioxane Crosspolymer, Dimethicone/Vinyl Dimethicone Crosspolymer, Caprylyl Glycol, Ethylhexylglycerin, Dehydroacetic Acid, Parfum (Fragrance), Triethoxycaprylylsilane, Pearl Powder, Stearic Acid, Laureth-4, Aqua (Water), Tin Oxide, Tocopherol.  [+/- Ci 77491 (Iron Oxides), Ci 77891 (Titanium Dioxide), Ci 15985 (Yellow 6 Lake), Ci 15850 (Red 7 Lake)].', 'N° 16139 Crystah', 'Synthetic Fluorphlogopite, Mica, Zinc Stearate, Lauryl Dimethicone, Pentaerythrityl Tetraisostearate, Alumina, Calcium Aluminum Borosilicate, Vinyl Dimethicone/Methicone Silsesquioxane Crosspolymer, Dimethicone/Vinyl Dimethicone Crosspolymer, Caprylyl Glycol, Ethylhexylglycerin, Dehydroacetic Acid, Parfum (Fragrance), Triethoxycaprylylsilane, Pearl Powder, Stearic Acid, Tin Oxide, Laureth-4, Aqua (Water), Tocopherol, Pentaerythrityl Tetra-Di-T-Butyl Hydroxyhydrocinnamate.  [+/- Ci 77891 (Titanium Dioxide), Ci 15850 (Red 6, Red 7 Lake), Ci 19140 (Yellow 5 Lake)].', 'N° 16140 Terra', 'Synthetic Fluorphlogopite, Mica, Zinc Stearate, Lauryl Dimethicone, Pentaerythrityl Tetraisostearate, Alumina, Vinyl Dimethicone/Methicone Silsesquioxane Crosspolymer, Dimethicone/Vinyl Dimethicone Crosspolymer, Caprylyl Glycol, Ethylhexylglycerin, Dehydroacetic Acid, Parfum (Fragrance), Triethoxycaprylylsilane, Pearl Powder, Stearic Acid, Laureth-4, Aqua (Water), Tin Oxide, Tocopherol.  [+/- Ci 77891 (Titanium Dioxide), Ci 77491, Ci 77492, Ci 77499 (Iron Oxides), Ci 15850 (Red 6, Red 7 Lake)].']",31,0,0,0,0,0,"['Pressed Powder Formula', 'Shimmer Finish', 'Satin Finish', 'Matte Finish']",Makeup,Cheek,Blush,16,31,18
P1273,Boi-ing Industrial Strength Full Coverage Cream Concealer,5333,Benefit Cosmetics,71780,4.1724,4895,0.1 oz/ 2.8 g,Color,4,medium tan/ warm,"['Caprylic/Capric Triglyceride, Phenyl Trimethicone, Isopropyl Palmitate, Euphorbia Cerifera (Candelilla) Wax, Talc, Paraffinum Liquidum (Mineral Oil), Silica, Kaolin, Cera Microcristallina (Microcrystalline Wax), Nylon-12, Tocopheryl Acetate, Phenoxyethanol, Lecithin, Benzyl Alcohol, Tocopherol, Bht. [+/-: Ci 19140 (Yellow 5, Yellow 5 Lake), Ci 42090 (Blue 1 Lake), Ci 77007 (Ultramarines), Ci 77163 (Bismuth Oxychloride), Ci 77491, Ci 77492, Ci 77499 (Iron Oxides), Ci 77891 (Titanium Dioxide)].']",24,0,0,0,0,0,,Makeup,Face,Concealer,5,24,24
P461925,Brow Microfilling Eyebrow Pen,5333,Benefit Cosmetics,66699,3.2135,1035,0.02 oz/ 0.77 mL,Color,Light Brown,,"['Aqua (Water), Dipropylene Glycol, Butylene Glycol, Alcohol, Acrylates/Ethylhexyl Acrylate Copolymer, Pvp, Sodium Polyaspartate, Phenoxyethanol, Sodium Dehydroacetate, Maltodextrin, Beheneth-30, Laureth-21, Peg-11 Methyl Ether Dimethicone, Citric Acid, Xanthan Gum, Aminomethyl Propanol, Peg-60 Glyceryl Isostearate, Silica, Disodium Edta, Sodium Metaphosphate. [+/- Ci 19140 (Yellow 5, Yellow 5 Lake), Ci 42090 (Blue 1, Blue 1 Lake), Ci 75470 (Carmine), Ci 77007 (Ultramarines), Ci 77163 (Bismuth Oxychloride), Ci 77266 [Nano] (Black 2), Ci 77288 (Chromium Oxide Greens), Ci 77289 (Chromium Hydroxide Green), Ci 77491, Ci 77492, Ci 77499 (Iron Oxides), Ci 77510 (Ferric Ferrocyanide, Ferric Ammonium Ferrocyanide), Ci 77742 (Manganese Violet), Ci 77891 (Titanium Dioxide).']",25,0,0,0,0,0,"['Natural Finish', 'Long-wearing', 'Waterproof']",Makeup,Eye,Eyebrow,3,25,25
P450856,Mini 24-HR Brow Setter Clear Brow Gel with Lamination Effect,5333,Benefit Cosmetics,60930,4.3125,224,0.11 fl oz/ 3.5 mL,Size,0.11 fl oz/ 3.5 mL,,"['Aqua (Water), Alcohol, Acrylates Copolymer, Amp-Acrylates Copolymer, Hydroxyethylcellulose, Phenoxyethanol, PEG-12 Dimethicone, Caprylyl Glycol, Panthenol, Butylene Glycol, Gossypium Herbaceum (Cotton) Extract.']",15,0,0,0,0,0,"['Natural Finish', 'Long-wearing']",Makeup,Eye,Eyebrow,0,,
P448162,Boi-ing Cakeless Full Coverage Waterproof Liquid Concealer,5333,Benefit Cosmetics,50440,4.3136,6681,0.17 oz/5.0mL,Color,Shade 6 Fly High,medium cool,"['Aqua (Water), Cyclopentasiloxane, Butylene Glycol, Cyclohexasiloxane, Methyl Methacrylate Crosspolymer, Peg-10 Dimethicone, Trimethylsiloxysilicate, Cetyl Peg/Ppg-10/1 Dimethicone, Sodium Chloride, Disteardimonium Hectorite, Triethoxycaprylylsilane, Phenoxyethanol, Caprylyl Glycol, Dimethicone/Vinyl Dimethicone Crosspolymer, Propylene Carbonate, Biosaccharide Gum-4, Alumina, Magnesium Oxide, Alpha-Glucan Oligosaccharide, Propanediol, Algin, Pentaerythrityl Tetra-Di-T-Butyl Hydroxyhydrocinnamate. [+/-: Ci 19140 (Yellow 5, Yellow 5 Lake), Ci 42090 (Blue 1 Lake), Ci 77007 (Ultramarines), Ci 77163 (Bismuth Oxychloride), Ci 77491, Ci 77492, Ci 77499 (Iron Oxides), Ci 77891 (Titanium Dioxide)].']",27,0,0,0,0,0,"['Natural Finish', 'Liquid Formula', 'Good for: Dark Circles', 'Long-wearing', 'Full Coverage', 'Waterproof']",Makeup,Face,Concealer,25,27,27
P440952,Mini Roller Liner Waterproof Liquid Eyeliner,5333,Benefit Cosmetics,33363,3.6819,349,0.01 oz/ 0.5 mL,Color,Black,,"['Water, Methylpropanediol, Styrene/Acrylates Copolymer, Styrene/Acrylates/Ammonium Methacrylate Copolymer, Cellulose, Peg-60 Hydrogenated Castor Oil, Coco-Glucoside, Poloxamer 407, Citric Acid, Phenoxyethanol, Potassium Sorbate, Phenylpropanol, Sodium Benzoate, Sodium Laureth-12 Sulfate, Sodium Lauryl Sulfate, Caprylyl Glycol, Sodium Dehydroacetate, BHT. May Contain (+/-): Yellow 5/Yellow 5 Lake (Ci 19140), Blue 1 Lake (Ci 42090), Ultramarines (Ci 77007), Bismuth Oxychloride (Ci 77163), Black 2 [Nano] (Ci 77266), Chromium Oxide Greens (Ci 77288), Chromium Hydroxide Green (Ci 77289), Iron Oxides (Ci 77491, Ci 77492, Ci 77499), Ferric Ferrocyanide/Ferric Ammonium Ferrocyanide (Ci 77510), Manganese Violet (Ci 77742), Titanium Dioxide (Ci 77891).']",12,0,0,0,0,0,"['Long-wearing', 'Matte Finish', 'Waterproof']",Makeup,Eye,Eyeliner,1,12,12
P440951,Roller Liner Waterproof Liquid Eyeliner,5333,Benefit Cosmetics,33026,4.0819,1501,0.03 oz/ 1.0 mL,Color,Black,,"['Water, Methylpropanediol, Styrene/Acrylates Copolymer, Styrene/Acrylates/Ammonium Methacrylate Copolymer, Cellulose, Peg-60 Hydrogenated Castor Oil, Coco-Glucoside, Poloxamer 407, Citric Acid, Phenoxyethanol, Potassium Sorbate, Phenylpropanol, Sodium Benzoate, Sodium Laureth-12 Sulfate, Sodium Lauryl Sulfate, Caprylyl Glycol, Sodium Dehydroacetate, BHT. May Contain (+/-): Yellow 5/Yellow 5 Lake (Ci 19140), Blue 1 Lake (Ci 42090), Ultramarines (Ci 77007), Bismuth Oxychloride (Ci 77163), Black 2 [Nano] (Ci 77266), Chromium Oxide Greens (Ci 77288), Chromium Hydroxide Green (Ci 77289), Iron Oxides (Ci 77491, Ci 77492, Ci 77499), Ferric Ferrocyanide/Ferric Ammonium Ferrocyanide (Ci 77510), Manganese Violet (Ci 77742), Titanium Dioxide (Ci 77891).']",22,0,0,0,0,0,"['Long-wearing', 'Matte Finish', 'Waterproof']",Makeup,Eye,Eyeliner,3,22,12
P425933,Mini Goof Proof Waterproof Easy Shape & Fill Eyebrow Pencil,5333,Benefit Cosmetics,32221,4.2333,210,0.005 oz/ 0.17 g,Color,3,warm light brown,"['Synthetic Fluorphlogopite, Stearic Acid, Hydrogenated Castor Oil, Synthetic Japan Wax, Ethylhexyl Palmitate, Cera Alba (Beeswax), Sorbitan Sesquiisostearate, Aluminum Hydroxide, Tocopherol. [+/-: Ci 19140 (Yellow 5, Yellow 5 Lake), Ci 42090 (Blue 1 Lake), Ci 77007 (Ultramarines), Ci 77163 (Bismuth Oxychloride), Ci 77288 (Chromium Oxide Greens), Ci 77289 (Chromium Hydroxide Green), Ci 77491, Ci 77492, Ci 77499 (Iron Oxides), Ci 77510 (Ferric Ferrocyanide, Ferric Ammonium Ferrocyanide), Ci 77742 (Manganese Violet), Ci 77891 (Titanium Dioxide)].']",15,0,0,0,0,0,,Makeup,Eye,Eyebrow,2,15,15
P466656,The POREfessional: Super Setter Pore-Minimizing Setting Spray,5333,Benefit Cosmetics,26945,4.5921,2167,4 oz/ 120 mL,Size,4 oz/ 120 mL,,"['Aqua (Water), Butylene Glycol, Pvp, Dimethicone/Vinyl Dimethicone Crosspolymer, Phenoxyethanol, Caprylyl Glycol, Ppg-3 Benzyl Ether Myristate, Ppg-26-Buteth-26, Peg-40 Hydrogenated Castor Oil, Peg-10 Dimethicone, Silica, Parfum (Fragrance), Limonene, Sodium Hydroxide, Pentaerythrityl Tetra-Di-T-Butyl Hydroxyhydrocinnamate, Tocopherol.', 'Nº 14895/A.']",33,0,0,0,0,0,"['Good for: Pores', 'Long-wearing', 'Waterproof', 'Best for Oily, Combo, Normal Skin', 'Alcohol Free', 'Best for Dry, Combo, Normal Skin']",Makeup,Face,Setting Spray & Powder,1,15,15
P408312,BROWVO! Conditioning Eyebrow Primer,5333,Benefit Cosmetics,23950,4.1545,343,0.1 oz/ 3.0 mL,Size,0.1 oz/ 3.0 mL,,"['Water, Alcohol Denat., Lithium Magnesium Sodium Silicate, Pentylene Glycol, Hydrolyzed Keratin, Phenoxyethanol, Benzyl Alcohol, Xanthan Gum, Caprylyl Glycol, Styrene/Acrylates/Ammonium Methacrylate Copolymer, Panthenol, Disodium Edta, Butylene Glycol, Hydrolyzed Soy Protein, Sodium Laureth-12 Sulfate, C11-15 Pareth-7, Olea Europaea (Olive) Fruit Oil, Simmondsia Chinensis (Jojoba) Seed Oil, Tocopheryl Acetate, Potassium Sorbate, Tetrasodium Edta.']",28,0,0,0,0,0,,Makeup,Eye,Eyebrow,0,,
P474932,POWmade Waterproof Brow Pomade,5333,Benefit Cosmetics,20549,4.6797,1736,0.17 oz/ 5 mL,Color,3.75,warm medium brown,"['Cyclopentasiloxane, Cera Microcristallina (Microcrystalline Wax), Polybutene, Silica, Bis-Diglyceryl Polyacyladipate-2, Polyethylene, Trimethylsiloxysilicate, Silica Dimethyl Silylate, Dimethicone, PEG-10 Dimethicone, Polyhydroxystearic Acid, Caprylyl Glycol, BHT. [+/-: CI 19140 (Yellow 5, Yellow 5 Lake), CI 42090 (Blue 1 Lake), CI 77007 (Ultramarines), CI 77163 (Bismuth Oxychloride), CI 77288 (Chromium Oxide Greens), CI 77289 (Chromium Hydroxide Green), CI 77491, CI 77492, CI 77499 (Iron Oxides), CI 77510 (Ferric Ferrocyanide, Ferric Ammonium Ferrocyanide), CI 77742 (Manganese Violet), CI 77891 (Titanium Dioxide)].']",23,0,0,0,0,0,"['Long-wearing', 'allure 2021 Best of Beauty Award Winner', 'Waterproof']",Makeup,Eye,Eyebrow,7,23,23
P482664,They're Real! Xtreme Precision Eye Liner,5333,Benefit Cosmetics,19965,4.5414,1232,0.01 oz / 0.35 g,Color,Xtra Black,,"['Aqua (Water), Titanium/Titanium Dioxide, Ammonium Styrene/Acrylates Copolymer, Alcohol, Dipropylene Glycol, Butylene Glycol, PVP, Phenoxyethanol, Sodium Polyaspartate, Sodium Dehydroacetate, Diethylhexyl Sodium Sulfosuccinate, Acrylates Copolymer, Beheneth-30, Sodium Metaphosphate, Aluminum Hydroxide, Disodium EDTA, Aminomethyl Propanol. [+/- CI 19140 (Yellow 5, Yellow 5 Lake), CI 42090 (Blue 1 Lake), CI 77007 (Ultramarines), CI 77491, CI 77492, CI 77499 (Iron Oxides), CI 77742 (Manganese Violet), CI 77891 (Titanium Dioxide)].']",24,0,0,0,0,0,"['Liquid Formula', 'Satin Finish', 'Long-wearing', 'Waterproof']",Makeup,Eye,Eyeliner,1,24,24
P503681,Fluff Up Brow Flexible Brow-Texturizing Wax,5333,Benefit Cosmetics,13457,4.3003,1412,0.2 oz / 59. mL,Color,,,"['Aqua (Water), Synthetic Candelilla Wax, Steareth-21, Glyceryl Stearate, Butylene Glycol, Acacia Senegal Gum, Butyrospermum Parkii (Shea) Butter, Cellulose, Silica, Simmondsia Chinensis (Jojoba) Seed Oil, Dimer Dilinoleyl Dimer Dilinoleate, Cera Carnauba (Copernicia Cerifera (Carnauba) Wax), Agrania Spinosa Kernel Oil, Cetyl Alcohol, Polyglyceryl-10 Myristate, Oryza Sativa (Rice) Starch, Phenoxyethanol, Caprylyl Glycol, Sodium Benzoate, Potassium Sorbate, Arginine, Tocopherol, Chondrus Crispus Powder, Dimethicone.']",26,0,0,0,0,0,"['Volumizing', 'Natural Finish', 'Long-wearing', 'Waterproof']",Makeup,Eye,Eyebrow,1,15,15